KaemusID,Emotion1_A,KaemusParticipant,Emotion_T,Condition,VideoParticpant,Hit
44592,Hirm,1_002,Neutraalne,Ekman,062m20ee,0
44613,Hirm,1_002,Üllatus,Ekman,062m20ee,0
44998,Kurbus,1_002,Kurbus,Ekman,062m20ee,1
45007,Hirm,1_002,Viha,Ekman,062m20ee,0
45016,Hirm,1_002,Rõõm,Ekman,062m20ee,0
45025,Hirm,1_002,Hirm,Ekman,062m20ee,1
45034,Hirm,1_002,Vastikus,Ekman,062m20ee,0
45043,Hirm,1_002,Kurbus,Under,062m20ee,0
45052,Hirm,1_002,Neutraalne,Under,062m20ee,0
45061,Hirm,1_002,Rõõm,Under,062m20ee,0
45070,Hirm,1_002,Vastikus,Under,062m20ee,0
45079,Hirm,1_002,Üllatus,Under,062m20ee,0
45088,Vastikus,1_002,Viha,Under,062m20ee,0
45097,Hirm,1_002,Hirm,Under,062m20ee,1
45106,Kurbus,1_002,Viha,Ekman,117f21ee,0
45117,Kurbus,1_002,Hirm,Ekman,117f21ee,0
45126,Kurbus,1_002,Üllatus,Ekman,117f21ee,0
45135,Kurbus,1_002,Neutraalne,Ekman,117f21ee,0
45144,Kurbus,1_002,Rõõm,Ekman,117f21ee,0
45153,Kurbus,1_002,Vastikus,Ekman,117f21ee,0
45162,Kurbus,1_002,Kurbus,Ekman,117f21ee,1
45171,Vastikus,1_002,Viha,Under,117f21ee,0
45180,Kurbus,1_002,Neutraalne,Under,117f21ee,0
45189,Kurbus,1_002,Hirm,Under,117f21ee,0
45198,Kurbus,1_002,Rõõm,Under,117f21ee,0
45207,Kurbus,1_002,Vastikus,Under,117f21ee,0
45216,Hirm,1_002,Üllatus,Under,117f21ee,0
45875,Hirm,1_002,Vastikus,Ekman,010f26ee,0
45886,Hirm,1_002,Hirm,Ekman,010f26ee,1
45895,Hirm,1_002,Rõõm,Ekman,010f26ee,0
45904,Üllatus,1_002,Üllatus,Ekman,010f26ee,1
45913,Hirm,1_002,Kurbus,Ekman,010f26ee,0
45922,Hirm,1_002,Viha,Ekman,010f26ee,0
45931,Hirm,1_002,Neutraalne,Ekman,010f26ee,0
45940,Hirm,1_002,Neutraalne,Under,010f26ee,0
45949,Hirm,1_002,Viha,Under,010f26ee,0
45958,Hirm,1_002,Vastikus,Under,010f26ee,0
45967,Hirm,1_002,Rõõm,Under,010f26ee,0
45976,Vastikus,1_002,Kurbus,Under,010f26ee,0
45985,Vastikus,1_002,Üllatus,Under,010f26ee,0
45994,Hirm,1_002,Hirm,Under,010f26ee,1
46003,Kurbus,1_002,Neutraalne,Ekman,039f20ee,0
46014,Üllatus,1_002,Rõõm,Ekman,039f20ee,0
46023,Hirm,1_002,Hirm,Ekman,039f20ee,1
46032,Vastikus,1_002,Üllatus,Ekman,039f20ee,0
46041,Hirm,1_002,Kurbus,Ekman,039f20ee,0
46050,Hirm,1_002,Vastikus,Ekman,039f20ee,0
46059,Hirm,1_002,Viha,Ekman,039f20ee,0
46068,Hirm,1_002,Viha,Under,039f20ee,0
46077,Hirm,1_002,Rõõm,Under,039f20ee,0
46086,Hirm,1_002,Kurbus,Under,039f20ee,0
46095,Hirm,1_002,Hirm,Under,039f20ee,1
46104,Hirm,1_002,Üllatus,Under,039f20ee,0
46113,Viha,1_002,Vastikus,Under,039f20ee,0
46122,Hirm,1_002,Neutraalne,Under,039f20ee,0
46131,Kurbus,1_002,Vastikus,Ekman,017f27ee,0
46142,Kurbus,1_002,Hirm,Ekman,017f27ee,0
46151,Kurbus,1_002,Rõõm,Ekman,017f27ee,0
46160,Hirm,1_002,Üllatus,Ekman,017f27ee,0
46169,Kurbus,1_002,Kurbus,Ekman,017f27ee,1
46178,Kurbus,1_002,Viha,Ekman,017f27ee,0
46187,Kurbus,1_002,Neutraalne,Ekman,017f27ee,0
46196,Viha,1_002,Neutraalne,Under,017f27ee,0
46205,Hirm,1_002,Viha,Under,017f27ee,0
46214,Vastikus,1_002,Vastikus,Under,017f27ee,1
46223,Kurbus,1_002,Rõõm,Under,017f27ee,0
46232,Kurbus,1_002,Kurbus,Under,017f27ee,1
46241,Kurbus,1_002,Üllatus,Under,017f27ee,0
46250,Hirm,1_002,Hirm,Under,017f27ee,1
46259,Kurbus,1_002,Vastikus,Ekman,016m49ee,0
46270,Kurbus,1_002,Hirm,Ekman,016m49ee,0
46279,Hirm,1_002,Rõõm,Ekman,016m49ee,0
46288,Vastikus,1_002,Üllatus,Ekman,016m49ee,0
46297,Vastikus,1_002,Kurbus,Ekman,016m49ee,0
46306,Hirm,1_002,Viha,Ekman,016m49ee,0
46315,Kurbus,1_002,Neutraalne,Ekman,016m49ee,0
46324,Kurbus,1_002,Neutraalne,Under,016m49ee,0
46333,Hirm,1_002,Viha,Under,016m49ee,0
46342,Kurbus,1_002,Vastikus,Under,016m49ee,0
46360,Kurbus,1_002,Kurbus,Under,016m49ee,1
46369,Kurbus,1_002,Üllatus,Under,016m49ee,0
46378,Kurbus,1_002,Hirm,Under,016m49ee,0
46387,Vastikus,1_002,Viha,Ekman,041m23ee,0
46398,Hirm,1_002,Kurbus,Ekman,041m23ee,0
46407,Kurbus,1_002,Vastikus,Ekman,041m23ee,0
46416,Üllatus,1_002,Neutraalne,Ekman,041m23ee,0
46425,Hirm,1_002,Hirm,Ekman,041m23ee,1
46434,Hirm,1_002,Rõõm,Ekman,041m23ee,0
46443,Vastikus,1_002,Üllatus,Ekman,041m23ee,0
46452,Vastikus,1_002,Neutraalne,Under,041m23ee,0
46461,Hirm,1_002,Rõõm,Under,041m23ee,0
46470,Hirm,1_002,Vastikus,Under,041m23ee,0
46479,Vastikus,1_002,Üllatus,Under,041m23ee,0
46488,Vastikus,1_002,Viha,Under,041m23ee,0
46497,Vastikus,1_002,Hirm,Under,041m23ee,0
46506,Hirm,1_002,Kurbus,Under,041m23ee,0
44592,Üllatus,10_002,Neutraalne,Ekman,062m20ee,0
44613,Üllatus,10_002,Üllatus,Ekman,062m20ee,1
44998,Kurbus,10_002,Kurbus,Ekman,062m20ee,1
45007,Üllatus,10_002,Viha,Ekman,062m20ee,0
45016,Rõõm,10_002,Rõõm,Ekman,062m20ee,1
45025,Üllatus,10_002,Hirm,Ekman,062m20ee,0
45034,Üllatus,10_002,Vastikus,Ekman,062m20ee,0
45043,Vastikus,10_002,Kurbus,Under,062m20ee,0
45052,Kurbus,10_002,Neutraalne,Under,062m20ee,0
45061,Kurbus,10_002,Rõõm,Under,062m20ee,0
45070,Hirm,10_002,Vastikus,Under,062m20ee,0
45079,Kurbus,10_002,Üllatus,Under,062m20ee,0
45088,Kurbus,10_002,Viha,Under,062m20ee,0
45097,Viha,10_002,Hirm,Under,062m20ee,0
45106,Viha,10_002,Viha,Ekman,117f21ee,1
45117,Üllatus,10_002,Hirm,Ekman,117f21ee,0
45126,Rõõm,10_002,Üllatus,Ekman,117f21ee,0
45135,Kurbus,10_002,Neutraalne,Ekman,117f21ee,0
45144,Rõõm,10_002,Rõõm,Ekman,117f21ee,1
45153,Vastikus,10_002,Vastikus,Ekman,117f21ee,1
45162,Viha,10_002,Kurbus,Ekman,117f21ee,0
45171,Kurbus,10_002,Viha,Under,117f21ee,0
45180,Viha,10_002,Neutraalne,Under,117f21ee,0
45189,Kurbus,10_002,Hirm,Under,117f21ee,0
45198,Viha,10_002,Rõõm,Under,117f21ee,0
45207,Viha,10_002,Vastikus,Under,117f21ee,0
45216,Kurbus,10_002,Üllatus,Under,117f21ee,0
45225,Kurbus,10_002,Kurbus,Under,117f21ee,1
45875,Rõõm,10_002,Vastikus,Ekman,010f26ee,0
45886,Rõõm,10_002,Hirm,Ekman,010f26ee,0
45895,Rõõm,10_002,Rõõm,Ekman,010f26ee,1
45904,Rõõm,10_002,Üllatus,Ekman,010f26ee,0
45913,Viha,10_002,Kurbus,Ekman,010f26ee,0
45922,Üllatus,10_002,Viha,Ekman,010f26ee,0
45931,Rõõm,10_002,Neutraalne,Ekman,010f26ee,0
45940,Viha,10_002,Neutraalne,Under,010f26ee,0
45949,Hirm,10_002,Viha,Under,010f26ee,0
45958,Kurbus,10_002,Vastikus,Under,010f26ee,0
45967,Kurbus,10_002,Rõõm,Under,010f26ee,0
45976,Viha,10_002,Kurbus,Under,010f26ee,0
45985,Üllatus,10_002,Üllatus,Under,010f26ee,1
45994,Kurbus,10_002,Hirm,Under,010f26ee,0
46003,Kurbus,10_002,Neutraalne,Ekman,039f20ee,0
46014,Üllatus,10_002,Rõõm,Ekman,039f20ee,0
46023,Rõõm,10_002,Hirm,Ekman,039f20ee,0
46032,Viha,10_002,Üllatus,Ekman,039f20ee,0
46041,Viha,10_002,Kurbus,Ekman,039f20ee,0
46050,Vastikus,10_002,Vastikus,Ekman,039f20ee,1
46059,Rõõm,10_002,Viha,Ekman,039f20ee,0
46068,Viha,10_002,Viha,Under,039f20ee,1
46077,Viha,10_002,Rõõm,Under,039f20ee,0
46086,Kurbus,10_002,Kurbus,Under,039f20ee,1
46095,Viha,10_002,Hirm,Under,039f20ee,0
46104,Üllatus,10_002,Üllatus,Under,039f20ee,1
46113,Kurbus,10_002,Vastikus,Under,039f20ee,0
46122,Viha,10_002,Neutraalne,Under,039f20ee,0
46131,Vastikus,10_002,Vastikus,Ekman,017f27ee,1
46142,Üllatus,10_002,Hirm,Ekman,017f27ee,0
46151,Rõõm,10_002,Rõõm,Ekman,017f27ee,1
46160,Üllatus,10_002,Üllatus,Ekman,017f27ee,1
46169,Kurbus,10_002,Kurbus,Ekman,017f27ee,1
46178,Viha,10_002,Viha,Ekman,017f27ee,1
46187,Rõõm,10_002,Neutraalne,Ekman,017f27ee,0
46196,Üllatus,10_002,Neutraalne,Under,017f27ee,0
46205,Üllatus,10_002,Viha,Under,017f27ee,0
46214,Üllatus,10_002,Vastikus,Under,017f27ee,0
46223,Üllatus,10_002,Rõõm,Under,017f27ee,0
46232,Hirm,10_002,Kurbus,Under,017f27ee,0
46241,Vastikus,10_002,Üllatus,Under,017f27ee,0
46250,Hirm,10_002,Hirm,Under,017f27ee,1
46259,Vastikus,10_002,Vastikus,Ekman,016m49ee,1
46270,Üllatus,10_002,Hirm,Ekman,016m49ee,0
46279,Üllatus,10_002,Rõõm,Ekman,016m49ee,0
46288,Üllatus,10_002,Üllatus,Ekman,016m49ee,1
46297,Viha,10_002,Kurbus,Ekman,016m49ee,0
46306,Vastikus,10_002,Viha,Ekman,016m49ee,0
46315,Rõõm,10_002,Neutraalne,Ekman,016m49ee,0
46324,Viha,10_002,Neutraalne,Under,016m49ee,0
46333,Viha,10_002,Viha,Under,016m49ee,1
46342,Viha,10_002,Vastikus,Under,016m49ee,0
46360,Viha,10_002,Kurbus,Under,016m49ee,0
46369,Kurbus,10_002,Üllatus,Under,016m49ee,0
46378,Viha,10_002,Hirm,Under,016m49ee,0
46387,Vastikus,10_002,Viha,Ekman,041m23ee,0
46398,Viha,10_002,Kurbus,Ekman,041m23ee,0
46407,Rõõm,10_002,Vastikus,Ekman,041m23ee,0
46416,Rõõm,10_002,Neutraalne,Ekman,041m23ee,0
46425,Rõõm,10_002,Hirm,Ekman,041m23ee,0
46434,Rõõm,10_002,Rõõm,Ekman,041m23ee,1
46443,Rõõm,10_002,Üllatus,Ekman,041m23ee,0
46452,Viha,10_002,Neutraalne,Under,041m23ee,0
46461,Vastikus,10_002,Rõõm,Under,041m23ee,0
46470,Vastikus,10_002,Vastikus,Under,041m23ee,1
46479,Üllatus,10_002,Üllatus,Under,041m23ee,1
46488,Kurbus,10_002,Viha,Under,041m23ee,0
46497,Hirm,10_002,Hirm,Under,041m23ee,1
46506,Üllatus,10_002,Kurbus,Under,041m23ee,0
44592,Hirm,11_002,Neutraalne,Ekman,062m20ee,0
44998,Kurbus,11_002,Kurbus,Ekman,062m20ee,1
45034,Vastikus,11_002,Vastikus,Ekman,062m20ee,1
45052,Vastikus,11_002,Neutraalne,Under,062m20ee,0
45079,Vastikus,11_002,Üllatus,Under,062m20ee,0
45088,Hirm,11_002,Viha,Under,062m20ee,0
45126,Kurbus,11_002,Üllatus,Ekman,117f21ee,0
45153,Vastikus,11_002,Vastikus,Ekman,117f21ee,1
45162,Kurbus,11_002,Kurbus,Ekman,117f21ee,1
45216,Kurbus,11_002,Üllatus,Under,117f21ee,0
45225,Rõõm,11_002,Kurbus,Under,117f21ee,0
45875,Rõõm,11_002,Vastikus,Ekman,010f26ee,0
45922,Rõõm,11_002,Viha,Ekman,010f26ee,0
45931,Rõõm,11_002,Neutraalne,Ekman,010f26ee,0
45940,Viha,11_002,Neutraalne,Under,010f26ee,0
45949,Hirm,11_002,Viha,Under,010f26ee,0
45967,Viha,11_002,Rõõm,Under,010f26ee,0
45976,Viha,11_002,Kurbus,Under,010f26ee,0
46014,Rõõm,11_002,Rõõm,Ekman,039f20ee,1
46032,Vastikus,11_002,Üllatus,Ekman,039f20ee,0
46041,Kurbus,11_002,Kurbus,Ekman,039f20ee,1
46050,Vastikus,11_002,Vastikus,Ekman,039f20ee,1
46068,Hirm,11_002,Viha,Under,039f20ee,0
46077,Hirm,11_002,Rõõm,Under,039f20ee,0
46095,Viha,11_002,Hirm,Under,039f20ee,0
46104,Hirm,11_002,Üllatus,Under,039f20ee,0
46151,Vastikus,11_002,Rõõm,Ekman,017f27ee,0
46178,Viha,11_002,Viha,Ekman,017f27ee,1
46187,Hirm,11_002,Neutraalne,Ekman,017f27ee,0
46196,Üllatus,11_002,Neutraalne,Under,017f27ee,0
46205,Hirm,11_002,Viha,Under,017f27ee,0
46223,Vastikus,11_002,Rõõm,Under,017f27ee,0
46259,Vastikus,11_002,Vastikus,Ekman,016m49ee,1
46324,Vastikus,11_002,Neutraalne,Under,016m49ee,0
46333,Üllatus,11_002,Viha,Under,016m49ee,0
46387,Viha,11_002,Viha,Ekman,041m23ee,1
46416,Rõõm,11_002,Neutraalne,Ekman,041m23ee,0
46425,Viha,11_002,Hirm,Ekman,041m23ee,0
46434,Rõõm,11_002,Rõõm,Ekman,041m23ee,1
46479,Vastikus,11_002,Üllatus,Under,041m23ee,0
46488,Vastikus,11_002,Viha,Under,041m23ee,0
44592,Kurbus,12_002,Neutraalne,Ekman,062m20ee,0
44613,Üllatus,12_002,Üllatus,Ekman,062m20ee,1
44998,Kurbus,12_002,Kurbus,Ekman,062m20ee,1
45007,Üllatus,12_002,Viha,Ekman,062m20ee,0
45016,Rõõm,12_002,Rõõm,Ekman,062m20ee,1
45025,Üllatus,12_002,Hirm,Ekman,062m20ee,0
45034,Kurbus,12_002,Vastikus,Ekman,062m20ee,0
45043,Üllatus,12_002,Kurbus,Under,062m20ee,0
45052,Üllatus,12_002,Neutraalne,Under,062m20ee,0
45061,Vastikus,12_002,Rõõm,Under,062m20ee,0
45070,Vastikus,12_002,Vastikus,Under,062m20ee,1
45079,Viha,12_002,Üllatus,Under,062m20ee,0
45088,Vastikus,12_002,Viha,Under,062m20ee,0
45097,Vastikus,12_002,Hirm,Under,062m20ee,0
45106,Viha,12_002,Viha,Ekman,117f21ee,1
45117,Üllatus,12_002,Hirm,Ekman,117f21ee,0
45126,Rõõm,12_002,Üllatus,Ekman,117f21ee,0
45135,Rõõm,12_002,Neutraalne,Ekman,117f21ee,0
45144,Rõõm,12_002,Rõõm,Ekman,117f21ee,1
45153,Vastikus,12_002,Vastikus,Ekman,117f21ee,1
45162,Viha,12_002,Kurbus,Ekman,117f21ee,0
45171,Üllatus,12_002,Viha,Under,117f21ee,0
45180,Üllatus,12_002,Neutraalne,Under,117f21ee,0
45189,Üllatus,12_002,Hirm,Under,117f21ee,0
45198,Vastikus,12_002,Rõõm,Under,117f21ee,0
45207,Üllatus,12_002,Vastikus,Under,117f21ee,0
45216,Üllatus,12_002,Üllatus,Under,117f21ee,1
45225,Üllatus,12_002,Kurbus,Under,117f21ee,0
45875,Vastikus,12_002,Vastikus,Ekman,010f26ee,1
45886,Üllatus,12_002,Hirm,Ekman,010f26ee,0
45895,Kurbus,12_002,Rõõm,Ekman,010f26ee,0
45904,Hirm,12_002,Üllatus,Ekman,010f26ee,0
45913,Viha,12_002,Kurbus,Ekman,010f26ee,0
45922,Rõõm,12_002,Viha,Ekman,010f26ee,0
45931,Rõõm,12_002,Neutraalne,Ekman,010f26ee,0
45940,Vastikus,12_002,Neutraalne,Under,010f26ee,0
45949,Viha,12_002,Viha,Under,010f26ee,1
45958,Viha,12_002,Vastikus,Under,010f26ee,0
45967,Üllatus,12_002,Rõõm,Under,010f26ee,0
45976,Viha,12_002,Kurbus,Under,010f26ee,0
45985,Üllatus,12_002,Üllatus,Under,010f26ee,1
45994,Viha,12_002,Hirm,Under,010f26ee,0
46003,Kurbus,12_002,Neutraalne,Ekman,039f20ee,0
46014,Rõõm,12_002,Rõõm,Ekman,039f20ee,1
46023,Üllatus,12_002,Hirm,Ekman,039f20ee,0
46032,Üllatus,12_002,Üllatus,Ekman,039f20ee,1
46041,Viha,12_002,Kurbus,Ekman,039f20ee,0
46050,Vastikus,12_002,Vastikus,Ekman,039f20ee,1
46059,Viha,12_002,Viha,Ekman,039f20ee,1
46068,Üllatus,12_002,Viha,Under,039f20ee,0
46077,Rõõm,12_002,Rõõm,Under,039f20ee,1
46086,Viha,12_002,Kurbus,Under,039f20ee,0
46095,Hirm,12_002,Hirm,Under,039f20ee,1
46104,Rõõm,12_002,Üllatus,Under,039f20ee,0
46113,Hirm,12_002,Vastikus,Under,039f20ee,0
46122,Rõõm,12_002,Neutraalne,Under,039f20ee,0
46131,Vastikus,12_002,Vastikus,Ekman,017f27ee,1
46142,Hirm,12_002,Hirm,Ekman,017f27ee,1
46151,Rõõm,12_002,Rõõm,Ekman,017f27ee,1
46160,Üllatus,12_002,Üllatus,Ekman,017f27ee,1
46169,Kurbus,12_002,Kurbus,Ekman,017f27ee,1
46178,Vastikus,12_002,Viha,Ekman,017f27ee,0
46187,Rõõm,12_002,Neutraalne,Ekman,017f27ee,0
46196,Kurbus,12_002,Neutraalne,Under,017f27ee,0
46205,Hirm,12_002,Viha,Under,017f27ee,0
46214,Kurbus,12_002,Vastikus,Under,017f27ee,0
46223,Hirm,12_002,Rõõm,Under,017f27ee,0
46232,Kurbus,12_002,Kurbus,Under,017f27ee,1
46241,Kurbus,12_002,Üllatus,Under,017f27ee,0
46250,Kurbus,12_002,Hirm,Under,017f27ee,0
46259,Vastikus,12_002,Vastikus,Ekman,016m49ee,1
46270,Vastikus,12_002,Hirm,Ekman,016m49ee,0
46279,Rõõm,12_002,Rõõm,Ekman,016m49ee,1
46288,Viha,12_002,Üllatus,Ekman,016m49ee,0
46297,Viha,12_002,Kurbus,Ekman,016m49ee,0
46306,Vastikus,12_002,Viha,Ekman,016m49ee,0
46315,Rõõm,12_002,Neutraalne,Ekman,016m49ee,0
46324,Viha,12_002,Neutraalne,Under,016m49ee,0
46333,Viha,12_002,Viha,Under,016m49ee,1
46342,Viha,12_002,Vastikus,Under,016m49ee,0
46360,Üllatus,12_002,Kurbus,Under,016m49ee,0
46369,Viha,12_002,Üllatus,Under,016m49ee,0
46378,Vastikus,12_002,Hirm,Under,016m49ee,0
46387,Viha,12_002,Viha,Ekman,041m23ee,1
46398,Rõõm,12_002,Kurbus,Ekman,041m23ee,0
46407,Üllatus,12_002,Vastikus,Ekman,041m23ee,0
46416,Rõõm,12_002,Neutraalne,Ekman,041m23ee,0
46425,Viha,12_002,Hirm,Ekman,041m23ee,0
46434,Rõõm,12_002,Rõõm,Ekman,041m23ee,1
46443,Rõõm,12_002,Üllatus,Ekman,041m23ee,0
46452,Vastikus,12_002,Neutraalne,Under,041m23ee,0
46461,Vastikus,12_002,Rõõm,Under,041m23ee,0
46470,Viha,12_002,Vastikus,Under,041m23ee,0
46479,Viha,12_002,Üllatus,Under,041m23ee,0
46488,Üllatus,12_002,Viha,Under,041m23ee,0
46497,Üllatus,12_002,Hirm,Under,041m23ee,0
46506,Rõõm,12_002,Kurbus,Under,041m23ee,0
44592,Rõõm,13_002,Neutraalne,Ekman,062m20ee,0
44613,Rõõm,13_002,Üllatus,Ekman,062m20ee,0
44998,Üllatus,13_002,Kurbus,Ekman,062m20ee,0
45007,Rõõm,13_002,Viha,Ekman,062m20ee,0
45016,Rõõm,13_002,Rõõm,Ekman,062m20ee,1
45025,Rõõm,13_002,Hirm,Ekman,062m20ee,0
45034,Üllatus,13_002,Vastikus,Ekman,062m20ee,0
45043,Üllatus,13_002,Kurbus,Under,062m20ee,0
45052,Rõõm,13_002,Neutraalne,Under,062m20ee,0
45061,Üllatus,13_002,Rõõm,Under,062m20ee,0
45070,Rõõm,13_002,Vastikus,Under,062m20ee,0
45079,Kurbus,13_002,Üllatus,Under,062m20ee,0
45088,Vastikus,13_002,Viha,Under,062m20ee,0
45097,Vastikus,13_002,Hirm,Under,062m20ee,0
45106,Rõõm,13_002,Viha,Ekman,117f21ee,0
45117,Rõõm,13_002,Hirm,Ekman,117f21ee,0
45126,Rõõm,13_002,Üllatus,Ekman,117f21ee,0
45135,Kurbus,13_002,Neutraalne,Ekman,117f21ee,0
45144,Rõõm,13_002,Rõõm,Ekman,117f21ee,1
45153,Vastikus,13_002,Vastikus,Ekman,117f21ee,1
45162,Üllatus,13_002,Kurbus,Ekman,117f21ee,0
45171,Hirm,13_002,Viha,Under,117f21ee,0
45180,Hirm,13_002,Neutraalne,Under,117f21ee,0
45189,Kurbus,13_002,Hirm,Under,117f21ee,0
45198,Hirm,13_002,Rõõm,Under,117f21ee,0
45207,Viha,13_002,Vastikus,Under,117f21ee,0
45216,Üllatus,13_002,Üllatus,Under,117f21ee,1
45225,Vastikus,13_002,Kurbus,Under,117f21ee,0
45875,Rõõm,13_002,Vastikus,Ekman,010f26ee,0
45886,Rõõm,13_002,Hirm,Ekman,010f26ee,0
45895,Rõõm,13_002,Rõõm,Ekman,010f26ee,1
45904,Rõõm,13_002,Üllatus,Ekman,010f26ee,0
45913,Üllatus,13_002,Kurbus,Ekman,010f26ee,0
45922,Rõõm,13_002,Viha,Ekman,010f26ee,0
45931,Üllatus,13_002,Neutraalne,Ekman,010f26ee,0
45940,Hirm,13_002,Neutraalne,Under,010f26ee,0
45949,Hirm,13_002,Viha,Under,010f26ee,0
45958,Üllatus,13_002,Vastikus,Under,010f26ee,0
45967,Viha,13_002,Rõõm,Under,010f26ee,0
45976,Viha,13_002,Kurbus,Under,010f26ee,0
45985,Hirm,13_002,Üllatus,Under,010f26ee,0
45994,Hirm,13_002,Hirm,Under,010f26ee,1
46003,Rõõm,13_002,Neutraalne,Ekman,039f20ee,0
46014,Rõõm,13_002,Rõõm,Ekman,039f20ee,1
46023,Rõõm,13_002,Hirm,Ekman,039f20ee,0
46032,Üllatus,13_002,Üllatus,Ekman,039f20ee,1
46041,Üllatus,13_002,Kurbus,Ekman,039f20ee,0
46050,Vastikus,13_002,Vastikus,Ekman,039f20ee,1
46059,Viha,13_002,Viha,Ekman,039f20ee,1
46068,Vastikus,13_002,Viha,Under,039f20ee,0
46077,Hirm,13_002,Rõõm,Under,039f20ee,0
46086,Kurbus,13_002,Kurbus,Under,039f20ee,1
46095,Kurbus,13_002,Hirm,Under,039f20ee,0
46104,Hirm,13_002,Üllatus,Under,039f20ee,0
46113,Hirm,13_002,Vastikus,Under,039f20ee,0
46122,Hirm,13_002,Neutraalne,Under,039f20ee,0
46131,Üllatus,13_002,Vastikus,Ekman,017f27ee,0
46142,Üllatus,13_002,Hirm,Ekman,017f27ee,0
46151,Hirm,13_002,Rõõm,Ekman,017f27ee,0
46160,Üllatus,13_002,Üllatus,Ekman,017f27ee,1
46169,Kurbus,13_002,Kurbus,Ekman,017f27ee,1
46178,Viha,13_002,Viha,Ekman,017f27ee,1
46187,Rõõm,13_002,Neutraalne,Ekman,017f27ee,0
46196,Kurbus,13_002,Neutraalne,Under,017f27ee,0
46205,Hirm,13_002,Viha,Under,017f27ee,0
46214,Viha,13_002,Vastikus,Under,017f27ee,0
46223,Kurbus,13_002,Rõõm,Under,017f27ee,0
46232,Hirm,13_002,Kurbus,Under,017f27ee,0
46241,Kurbus,13_002,Üllatus,Under,017f27ee,0
46250,Hirm,13_002,Hirm,Under,017f27ee,1
46259,Rõõm,13_002,Vastikus,Ekman,016m49ee,0
46270,Üllatus,13_002,Hirm,Ekman,016m49ee,0
46279,Üllatus,13_002,Rõõm,Ekman,016m49ee,0
46288,Üllatus,13_002,Üllatus,Ekman,016m49ee,1
46297,Rõõm,13_002,Kurbus,Ekman,016m49ee,0
46306,Viha,13_002,Viha,Ekman,016m49ee,1
46315,Rõõm,13_002,Neutraalne,Ekman,016m49ee,0
46324,Kurbus,13_002,Neutraalne,Under,016m49ee,0
46333,Viha,13_002,Viha,Under,016m49ee,1
46342,Rõõm,13_002,Vastikus,Under,016m49ee,0
46360,Rõõm,13_002,Kurbus,Under,016m49ee,0
46369,Vastikus,13_002,Üllatus,Under,016m49ee,0
46378,Viha,13_002,Hirm,Under,016m49ee,0
46387,Viha,13_002,Viha,Ekman,041m23ee,1
46398,Viha,13_002,Kurbus,Ekman,041m23ee,0
46407,Viha,13_002,Vastikus,Ekman,041m23ee,0
46416,Rõõm,13_002,Neutraalne,Ekman,041m23ee,0
46425,Rõõm,13_002,Hirm,Ekman,041m23ee,0
46434,Rõõm,13_002,Rõõm,Ekman,041m23ee,1
46443,Rõõm,13_002,Üllatus,Ekman,041m23ee,0
46452,Rõõm,13_002,Neutraalne,Under,041m23ee,0
46461,Hirm,13_002,Rõõm,Under,041m23ee,0
46470,Viha,13_002,Vastikus,Under,041m23ee,0
46479,Üllatus,13_002,Üllatus,Under,041m23ee,1
46488,Rõõm,13_002,Viha,Under,041m23ee,0
46497,Rõõm,13_002,Hirm,Under,041m23ee,0
46506,Viha,13_002,Kurbus,Under,041m23ee,0
44592,Hirm,14_002,Neutraalne,Ekman,062m20ee,0
44613,Üllatus,14_002,Üllatus,Ekman,062m20ee,1
44998,Kurbus,14_002,Kurbus,Ekman,062m20ee,1
45007,Üllatus,14_002,Viha,Ekman,062m20ee,0
45016,Üllatus,14_002,Rõõm,Ekman,062m20ee,0
45025,Üllatus,14_002,Hirm,Ekman,062m20ee,0
45034,Üllatus,14_002,Vastikus,Ekman,062m20ee,0
45043,Viha,14_002,Kurbus,Under,062m20ee,0
45052,Vastikus,14_002,Neutraalne,Under,062m20ee,0
45061,Vastikus,14_002,Rõõm,Under,062m20ee,0
45070,Viha,14_002,Vastikus,Under,062m20ee,0
45079,Vastikus,14_002,Üllatus,Under,062m20ee,0
45088,Viha,14_002,Viha,Under,062m20ee,1
45097,Vastikus,14_002,Hirm,Under,062m20ee,0
45106,Kurbus,14_002,Viha,Ekman,117f21ee,0
45117,Üllatus,14_002,Hirm,Ekman,117f21ee,0
45126,Üllatus,14_002,Üllatus,Ekman,117f21ee,1
45135,Üllatus,14_002,Neutraalne,Ekman,117f21ee,0
45144,Rõõm,14_002,Rõõm,Ekman,117f21ee,1
45153,Vastikus,14_002,Vastikus,Ekman,117f21ee,1
45162,Kurbus,14_002,Kurbus,Ekman,117f21ee,1
45171,Kurbus,14_002,Viha,Under,117f21ee,0
45180,Kurbus,14_002,Neutraalne,Under,117f21ee,0
45189,Kurbus,14_002,Hirm,Under,117f21ee,0
45198,Kurbus,14_002,Rõõm,Under,117f21ee,0
45207,Viha,14_002,Vastikus,Under,117f21ee,0
45216,Kurbus,14_002,Üllatus,Under,117f21ee,0
45225,Kurbus,14_002,Kurbus,Under,117f21ee,1
45875,Vastikus,14_002,Vastikus,Ekman,010f26ee,1
45886,Üllatus,14_002,Hirm,Ekman,010f26ee,0
45895,Rõõm,14_002,Rõõm,Ekman,010f26ee,1
45904,Rõõm,14_002,Üllatus,Ekman,010f26ee,0
45913,Hirm,14_002,Kurbus,Ekman,010f26ee,0
45922,Vastikus,14_002,Viha,Ekman,010f26ee,0
45931,Vastikus,14_002,Neutraalne,Ekman,010f26ee,0
45940,Vastikus,14_002,Neutraalne,Under,010f26ee,0
45949,Viha,14_002,Viha,Under,010f26ee,1
45958,Vastikus,14_002,Vastikus,Under,010f26ee,1
45967,Vastikus,14_002,Rõõm,Under,010f26ee,0
45976,Viha,14_002,Kurbus,Under,010f26ee,0
45985,Kurbus,14_002,Üllatus,Under,010f26ee,0
45994,Vastikus,14_002,Hirm,Under,010f26ee,0
46003,Kurbus,14_002,Neutraalne,Ekman,039f20ee,0
46014,Üllatus,14_002,Rõõm,Ekman,039f20ee,0
46023,Rõõm,14_002,Hirm,Ekman,039f20ee,0
46032,Üllatus,14_002,Üllatus,Ekman,039f20ee,1
46041,Hirm,14_002,Kurbus,Ekman,039f20ee,0
46050,Vastikus,14_002,Vastikus,Ekman,039f20ee,1
46059,Üllatus,14_002,Viha,Ekman,039f20ee,0
46068,Hirm,14_002,Viha,Under,039f20ee,0
46077,Hirm,14_002,Rõõm,Under,039f20ee,0
46086,Hirm,14_002,Kurbus,Under,039f20ee,0
46095,Hirm,14_002,Hirm,Under,039f20ee,1
46104,Vastikus,14_002,Üllatus,Under,039f20ee,0
46113,Hirm,14_002,Vastikus,Under,039f20ee,0
46122,Hirm,14_002,Neutraalne,Under,039f20ee,0
46131,Vastikus,14_002,Vastikus,Ekman,017f27ee,1
46142,Hirm,14_002,Hirm,Ekman,017f27ee,1
46151,Üllatus,14_002,Rõõm,Ekman,017f27ee,0
46160,Hirm,14_002,Üllatus,Ekman,017f27ee,0
46169,Kurbus,14_002,Kurbus,Ekman,017f27ee,1
46178,Vastikus,14_002,Viha,Ekman,017f27ee,0
46187,Rõõm,14_002,Neutraalne,Ekman,017f27ee,0
46196,Kurbus,14_002,Neutraalne,Under,017f27ee,0
46205,Hirm,14_002,Viha,Under,017f27ee,0
46214,Hirm,14_002,Vastikus,Under,017f27ee,0
46223,Kurbus,14_002,Rõõm,Under,017f27ee,0
46232,Vastikus,14_002,Kurbus,Under,017f27ee,0
46241,Hirm,14_002,Üllatus,Under,017f27ee,0
46250,Kurbus,14_002,Hirm,Under,017f27ee,0
46259,Vastikus,14_002,Vastikus,Ekman,016m49ee,1
46270,Viha,14_002,Hirm,Ekman,016m49ee,0
46279,Üllatus,14_002,Rõõm,Ekman,016m49ee,0
46288,Üllatus,14_002,Üllatus,Ekman,016m49ee,1
46297,Viha,14_002,Kurbus,Ekman,016m49ee,0
46306,Viha,14_002,Viha,Ekman,016m49ee,1
46315,Üllatus,14_002,Neutraalne,Ekman,016m49ee,0
46324,Kurbus,14_002,Neutraalne,Under,016m49ee,0
46333,Kurbus,14_002,Viha,Under,016m49ee,0
46342,Viha,14_002,Vastikus,Under,016m49ee,0
46360,Kurbus,14_002,Kurbus,Under,016m49ee,1
46369,Vastikus,14_002,Üllatus,Under,016m49ee,0
46378,Viha,14_002,Hirm,Under,016m49ee,0
46387,Üllatus,14_002,Viha,Ekman,041m23ee,0
46398,Viha,14_002,Kurbus,Ekman,041m23ee,0
46407,Rõõm,14_002,Vastikus,Ekman,041m23ee,0
46416,Rõõm,14_002,Neutraalne,Ekman,041m23ee,0
46425,Üllatus,14_002,Hirm,Ekman,041m23ee,0
46434,Rõõm,14_002,Rõõm,Ekman,041m23ee,1
46443,Rõõm,14_002,Üllatus,Ekman,041m23ee,0
46452,Viha,14_002,Neutraalne,Under,041m23ee,0
46461,Viha,14_002,Rõõm,Under,041m23ee,0
46470,Kurbus,14_002,Vastikus,Under,041m23ee,0
46479,Üllatus,14_002,Üllatus,Under,041m23ee,1
46488,Üllatus,14_002,Viha,Under,041m23ee,0
46497,Viha,14_002,Hirm,Under,041m23ee,0
46506,Üllatus,14_002,Kurbus,Under,041m23ee,0
44592,Kurbus,15_002,Neutraalne,Ekman,062m20ee,0
44613,Üllatus,15_002,Üllatus,Ekman,062m20ee,1
44998,Kurbus,15_002,Kurbus,Ekman,062m20ee,1
45007,Üllatus,15_002,Viha,Ekman,062m20ee,0
45016,Rõõm,15_002,Rõõm,Ekman,062m20ee,1
45025,Üllatus,15_002,Hirm,Ekman,062m20ee,0
45034,Vastikus,15_002,Vastikus,Ekman,062m20ee,1
45052,Kurbus,15_002,Neutraalne,Under,062m20ee,0
45061,Vastikus,15_002,Rõõm,Under,062m20ee,0
45070,Viha,15_002,Vastikus,Under,062m20ee,0
45088,Hirm,15_002,Viha,Under,062m20ee,0
45097,Kurbus,15_002,Hirm,Under,062m20ee,0
45106,Vastikus,15_002,Viha,Ekman,117f21ee,0
45117,Üllatus,15_002,Hirm,Ekman,117f21ee,0
45126,Kurbus,15_002,Üllatus,Ekman,117f21ee,0
45135,Hirm,15_002,Neutraalne,Ekman,117f21ee,0
45144,Rõõm,15_002,Rõõm,Ekman,117f21ee,1
45153,Vastikus,15_002,Vastikus,Ekman,117f21ee,1
45162,Üllatus,15_002,Kurbus,Ekman,117f21ee,0
45171,Üllatus,15_002,Viha,Under,117f21ee,0
45180,Hirm,15_002,Neutraalne,Under,117f21ee,0
45189,Vastikus,15_002,Hirm,Under,117f21ee,0
45198,Kurbus,15_002,Rõõm,Under,117f21ee,0
45207,Kurbus,15_002,Vastikus,Under,117f21ee,0
45216,Kurbus,15_002,Üllatus,Under,117f21ee,0
45225,Kurbus,15_002,Kurbus,Under,117f21ee,1
45875,Rõõm,15_002,Vastikus,Ekman,010f26ee,0
45886,Üllatus,15_002,Hirm,Ekman,010f26ee,0
45895,Hirm,15_002,Rõõm,Ekman,010f26ee,0
45904,Rõõm,15_002,Üllatus,Ekman,010f26ee,0
45913,Üllatus,15_002,Kurbus,Ekman,010f26ee,0
45922,Rõõm,15_002,Viha,Ekman,010f26ee,0
45931,Üllatus,15_002,Neutraalne,Ekman,010f26ee,0
45940,Hirm,15_002,Neutraalne,Under,010f26ee,0
45958,Vastikus,15_002,Vastikus,Under,010f26ee,1
45967,Vastikus,15_002,Rõõm,Under,010f26ee,0
45985,Kurbus,15_002,Üllatus,Under,010f26ee,0
45994,Vastikus,15_002,Hirm,Under,010f26ee,0
46003,Rõõm,15_002,Neutraalne,Ekman,039f20ee,0
46014,Rõõm,15_002,Rõõm,Ekman,039f20ee,1
46023,Rõõm,15_002,Hirm,Ekman,039f20ee,0
46032,Hirm,15_002,Üllatus,Ekman,039f20ee,0
46041,Üllatus,15_002,Kurbus,Ekman,039f20ee,0
46050,Vastikus,15_002,Vastikus,Ekman,039f20ee,1
46059,Üllatus,15_002,Viha,Ekman,039f20ee,0
46068,Üllatus,15_002,Viha,Under,039f20ee,0
46077,Rõõm,15_002,Rõõm,Under,039f20ee,1
46086,Hirm,15_002,Kurbus,Under,039f20ee,0
46104,Rõõm,15_002,Üllatus,Under,039f20ee,0
46113,Kurbus,15_002,Vastikus,Under,039f20ee,0
46122,Hirm,15_002,Neutraalne,Under,039f20ee,0
46131,Vastikus,15_002,Vastikus,Ekman,017f27ee,1
46142,Hirm,15_002,Hirm,Ekman,017f27ee,1
46151,Üllatus,15_002,Rõõm,Ekman,017f27ee,0
46160,Üllatus,15_002,Üllatus,Ekman,017f27ee,1
46169,Kurbus,15_002,Kurbus,Ekman,017f27ee,1
46178,Kurbus,15_002,Viha,Ekman,017f27ee,0
46187,Rõõm,15_002,Neutraalne,Ekman,017f27ee,0
46196,Kurbus,15_002,Neutraalne,Under,017f27ee,0
46205,Viha,15_002,Viha,Under,017f27ee,1
46214,Kurbus,15_002,Vastikus,Under,017f27ee,0
46223,Viha,15_002,Rõõm,Under,017f27ee,0
46232,Kurbus,15_002,Kurbus,Under,017f27ee,1
46241,Üllatus,15_002,Üllatus,Under,017f27ee,1
46250,Kurbus,15_002,Hirm,Under,017f27ee,0
46259,Vastikus,15_002,Vastikus,Ekman,016m49ee,1
46270,Viha,15_002,Hirm,Ekman,016m49ee,0
46279,Rõõm,15_002,Rõõm,Ekman,016m49ee,1
46288,Üllatus,15_002,Üllatus,Ekman,016m49ee,1
46297,Vastikus,15_002,Kurbus,Ekman,016m49ee,0
46306,Viha,15_002,Viha,Ekman,016m49ee,1
46315,Rõõm,15_002,Neutraalne,Ekman,016m49ee,0
46324,Üllatus,15_002,Neutraalne,Under,016m49ee,0
46342,Viha,15_002,Vastikus,Under,016m49ee,0
46360,Rõõm,15_002,Kurbus,Under,016m49ee,0
46369,Kurbus,15_002,Üllatus,Under,016m49ee,0
46378,Viha,15_002,Hirm,Under,016m49ee,0
46387,Üllatus,15_002,Viha,Ekman,041m23ee,0
46398,Kurbus,15_002,Kurbus,Ekman,041m23ee,1
46407,Vastikus,15_002,Vastikus,Ekman,041m23ee,1
46416,Rõõm,15_002,Neutraalne,Ekman,041m23ee,0
46434,Üllatus,15_002,Rõõm,Ekman,041m23ee,0
46443,Rõõm,15_002,Üllatus,Ekman,041m23ee,0
46452,Üllatus,15_002,Neutraalne,Under,041m23ee,0
46470,Kurbus,15_002,Vastikus,Under,041m23ee,0
46479,Vastikus,15_002,Üllatus,Under,041m23ee,0
46488,Üllatus,15_002,Viha,Under,041m23ee,0
46506,Hirm,15_002,Kurbus,Under,041m23ee,0
44998,Kurbus,16_002,Kurbus,Ekman,062m20ee,1
45007,Üllatus,16_002,Viha,Ekman,062m20ee,0
45016,Rõõm,16_002,Rõõm,Ekman,062m20ee,1
45034,Vastikus,16_002,Vastikus,Ekman,062m20ee,1
45052,Kurbus,16_002,Neutraalne,Under,062m20ee,0
45061,Kurbus,16_002,Rõõm,Under,062m20ee,0
45070,Kurbus,16_002,Vastikus,Under,062m20ee,0
45079,Kurbus,16_002,Üllatus,Under,062m20ee,0
45117,Üllatus,16_002,Hirm,Ekman,117f21ee,0
45126,Vastikus,16_002,Üllatus,Ekman,117f21ee,0
45171,Üllatus,16_002,Viha,Under,117f21ee,0
45180,Kurbus,16_002,Neutraalne,Under,117f21ee,0
45189,Kurbus,16_002,Hirm,Under,117f21ee,0
45198,Viha,16_002,Rõõm,Under,117f21ee,0
45207,Kurbus,16_002,Vastikus,Under,117f21ee,0
45216,Üllatus,16_002,Üllatus,Under,117f21ee,1
45225,Viha,16_002,Kurbus,Under,117f21ee,0
45875,Viha,16_002,Vastikus,Ekman,010f26ee,0
45895,Rõõm,16_002,Rõõm,Ekman,010f26ee,1
45931,Viha,16_002,Neutraalne,Ekman,010f26ee,0
45940,Vastikus,16_002,Neutraalne,Under,010f26ee,0
45967,Hirm,16_002,Rõõm,Under,010f26ee,0
45994,Hirm,16_002,Hirm,Under,010f26ee,1
46014,Rõõm,16_002,Rõõm,Ekman,039f20ee,1
46023,Rõõm,16_002,Hirm,Ekman,039f20ee,0
46077,Kurbus,16_002,Rõõm,Under,039f20ee,0
46113,Kurbus,16_002,Vastikus,Under,039f20ee,0
46160,Hirm,16_002,Üllatus,Ekman,017f27ee,0
46169,Kurbus,16_002,Kurbus,Ekman,017f27ee,1
46178,Vastikus,16_002,Viha,Ekman,017f27ee,0
46241,Kurbus,16_002,Üllatus,Under,017f27ee,0
46250,Kurbus,16_002,Hirm,Under,017f27ee,0
46259,Vastikus,16_002,Vastikus,Ekman,016m49ee,1
46288,Üllatus,16_002,Üllatus,Ekman,016m49ee,1
46360,Vastikus,16_002,Kurbus,Under,016m49ee,0
46425,Rõõm,16_002,Hirm,Ekman,041m23ee,0
46434,Vastikus,16_002,Rõõm,Ekman,041m23ee,0
46452,Kurbus,16_002,Neutraalne,Under,041m23ee,0
46461,Kurbus,16_002,Rõõm,Under,041m23ee,0
46470,Vastikus,16_002,Vastikus,Under,041m23ee,1
46506,Kurbus,16_002,Kurbus,Under,041m23ee,1
44592,Kurbus,17_002,Neutraalne,Ekman,062m20ee,0
44613,Üllatus,17_002,Üllatus,Ekman,062m20ee,1
44998,Kurbus,17_002,Kurbus,Ekman,062m20ee,1
45007,Vastikus,17_002,Viha,Ekman,062m20ee,0
45016,Rõõm,17_002,Rõõm,Ekman,062m20ee,1
45025,Rõõm,17_002,Hirm,Ekman,062m20ee,0
45034,Kurbus,17_002,Vastikus,Ekman,062m20ee,0
45043,Vastikus,17_002,Kurbus,Under,062m20ee,0
45052,Hirm,17_002,Neutraalne,Under,062m20ee,0
45061,Üllatus,17_002,Rõõm,Under,062m20ee,0
45070,Vastikus,17_002,Vastikus,Under,062m20ee,1
45079,Viha,17_002,Üllatus,Under,062m20ee,0
45088,Üllatus,17_002,Viha,Under,062m20ee,0
45097,Vastikus,17_002,Hirm,Under,062m20ee,0
45106,Üllatus,17_002,Viha,Ekman,117f21ee,0
45117,Üllatus,17_002,Hirm,Ekman,117f21ee,0
45126,Üllatus,17_002,Üllatus,Ekman,117f21ee,1
45135,Rõõm,17_002,Neutraalne,Ekman,117f21ee,0
45144,Rõõm,17_002,Rõõm,Ekman,117f21ee,1
45153,Vastikus,17_002,Vastikus,Ekman,117f21ee,1
45162,Üllatus,17_002,Kurbus,Ekman,117f21ee,0
45171,Vastikus,17_002,Viha,Under,117f21ee,0
45180,Hirm,17_002,Neutraalne,Under,117f21ee,0
45189,Vastikus,17_002,Hirm,Under,117f21ee,0
45198,Hirm,17_002,Rõõm,Under,117f21ee,0
45207,Üllatus,17_002,Vastikus,Under,117f21ee,0
45216,Üllatus,17_002,Üllatus,Under,117f21ee,1
45225,Hirm,17_002,Kurbus,Under,117f21ee,0
45875,Rõõm,17_002,Vastikus,Ekman,010f26ee,0
45886,Üllatus,17_002,Hirm,Ekman,010f26ee,0
45895,Vastikus,17_002,Rõõm,Ekman,010f26ee,0
45904,Rõõm,17_002,Üllatus,Ekman,010f26ee,0
45913,Üllatus,17_002,Kurbus,Ekman,010f26ee,0
45922,Rõõm,17_002,Viha,Ekman,010f26ee,0
45931,Üllatus,17_002,Neutraalne,Ekman,010f26ee,0
45940,Vastikus,17_002,Neutraalne,Under,010f26ee,0
45949,Üllatus,17_002,Viha,Under,010f26ee,0
45958,Viha,17_002,Vastikus,Under,010f26ee,0
45967,Vastikus,17_002,Rõõm,Under,010f26ee,0
45976,Viha,17_002,Kurbus,Under,010f26ee,0
45985,Viha,17_002,Üllatus,Under,010f26ee,0
45994,Vastikus,17_002,Hirm,Under,010f26ee,0
46003,Kurbus,17_002,Neutraalne,Ekman,039f20ee,0
46014,Rõõm,17_002,Rõõm,Ekman,039f20ee,1
46023,Rõõm,17_002,Hirm,Ekman,039f20ee,0
46032,Hirm,17_002,Üllatus,Ekman,039f20ee,0
46041,Üllatus,17_002,Kurbus,Ekman,039f20ee,0
46050,Vastikus,17_002,Vastikus,Ekman,039f20ee,1
46059,Üllatus,17_002,Viha,Ekman,039f20ee,0
46068,Hirm,17_002,Viha,Under,039f20ee,0
46077,Üllatus,17_002,Rõõm,Under,039f20ee,0
46086,Vastikus,17_002,Kurbus,Under,039f20ee,0
46095,Hirm,17_002,Hirm,Under,039f20ee,1
46104,Kurbus,17_002,Üllatus,Under,039f20ee,0
46113,Hirm,17_002,Vastikus,Under,039f20ee,0
46122,Hirm,17_002,Neutraalne,Under,039f20ee,0
46131,Vastikus,17_002,Vastikus,Ekman,017f27ee,1
46142,Üllatus,17_002,Hirm,Ekman,017f27ee,0
46151,Rõõm,17_002,Rõõm,Ekman,017f27ee,1
46160,Üllatus,17_002,Üllatus,Ekman,017f27ee,1
46169,Kurbus,17_002,Kurbus,Ekman,017f27ee,1
46178,Viha,17_002,Viha,Ekman,017f27ee,1
46187,Rõõm,17_002,Neutraalne,Ekman,017f27ee,0
46196,Kurbus,17_002,Neutraalne,Under,017f27ee,0
46205,Üllatus,17_002,Viha,Under,017f27ee,0
46214,Kurbus,17_002,Vastikus,Under,017f27ee,0
46223,Kurbus,17_002,Rõõm,Under,017f27ee,0
46232,Viha,17_002,Kurbus,Under,017f27ee,0
46241,Kurbus,17_002,Üllatus,Under,017f27ee,0
46250,Üllatus,17_002,Hirm,Under,017f27ee,0
46259,Vastikus,17_002,Vastikus,Ekman,016m49ee,1
46270,Vastikus,17_002,Hirm,Ekman,016m49ee,0
46279,Hirm,17_002,Rõõm,Ekman,016m49ee,0
46288,Üllatus,17_002,Üllatus,Ekman,016m49ee,1
46297,Viha,17_002,Kurbus,Ekman,016m49ee,0
46306,Vastikus,17_002,Viha,Ekman,016m49ee,0
46315,Üllatus,17_002,Neutraalne,Ekman,016m49ee,0
46324,Hirm,17_002,Neutraalne,Under,016m49ee,0
46333,Üllatus,17_002,Viha,Under,016m49ee,0
46342,Vastikus,17_002,Vastikus,Under,016m49ee,1
46360,Hirm,17_002,Kurbus,Under,016m49ee,0
46369,Vastikus,17_002,Üllatus,Under,016m49ee,0
46378,Viha,17_002,Hirm,Under,016m49ee,0
46387,Hirm,17_002,Viha,Ekman,041m23ee,0
46398,Vastikus,17_002,Kurbus,Ekman,041m23ee,0
46407,Rõõm,17_002,Vastikus,Ekman,041m23ee,0
46416,Üllatus,17_002,Neutraalne,Ekman,041m23ee,0
46425,Üllatus,17_002,Hirm,Ekman,041m23ee,0
46434,Rõõm,17_002,Rõõm,Ekman,041m23ee,1
46443,Rõõm,17_002,Üllatus,Ekman,041m23ee,0
46452,Vastikus,17_002,Neutraalne,Under,041m23ee,0
46461,Hirm,17_002,Rõõm,Under,041m23ee,0
46470,Viha,17_002,Vastikus,Under,041m23ee,0
46479,Hirm,17_002,Üllatus,Under,041m23ee,0
46488,Viha,17_002,Viha,Under,041m23ee,1
46497,Vastikus,17_002,Hirm,Under,041m23ee,0
46506,Viha,17_002,Kurbus,Under,041m23ee,0
44613,Üllatus,19_002,Üllatus,Ekman,062m20ee,1
45007,Üllatus,19_002,Viha,Ekman,062m20ee,0
45034,Kurbus,19_002,Vastikus,Ekman,062m20ee,0
45061,Vastikus,19_002,Rõõm,Under,062m20ee,0
45079,Kurbus,19_002,Üllatus,Under,062m20ee,0
45088,Kurbus,19_002,Viha,Under,062m20ee,0
45097,Hirm,19_002,Hirm,Under,062m20ee,1
45117,Üllatus,19_002,Hirm,Ekman,117f21ee,0
45135,Kurbus,19_002,Neutraalne,Ekman,117f21ee,0
45144,Rõõm,19_002,Rõõm,Ekman,117f21ee,1
45162,Kurbus,19_002,Kurbus,Ekman,117f21ee,1
45171,Viha,19_002,Viha,Under,117f21ee,1
45886,Üllatus,19_002,Hirm,Ekman,010f26ee,0
45895,Rõõm,19_002,Rõõm,Ekman,010f26ee,1
45904,Üllatus,19_002,Üllatus,Ekman,010f26ee,1
45940,Vastikus,19_002,Neutraalne,Under,010f26ee,0
45958,Vastikus,19_002,Vastikus,Under,010f26ee,1
45976,Viha,19_002,Kurbus,Under,010f26ee,0
46014,Kurbus,19_002,Rõõm,Ekman,039f20ee,0
46041,Üllatus,19_002,Kurbus,Ekman,039f20ee,0
46095,Vastikus,19_002,Hirm,Under,039f20ee,0
46122,Hirm,19_002,Neutraalne,Under,039f20ee,0
46131,Üllatus,19_002,Vastikus,Ekman,017f27ee,0
46142,Hirm,19_002,Hirm,Ekman,017f27ee,1
46151,Kurbus,19_002,Rõõm,Ekman,017f27ee,0
46160,Üllatus,19_002,Üllatus,Ekman,017f27ee,1
46187,Kurbus,19_002,Neutraalne,Ekman,017f27ee,0
46205,Üllatus,19_002,Viha,Under,017f27ee,0
46232,Vastikus,19_002,Kurbus,Under,017f27ee,0
46241,Viha,19_002,Üllatus,Under,017f27ee,0
46288,Üllatus,19_002,Üllatus,Ekman,016m49ee,1
46306,Üllatus,19_002,Viha,Ekman,016m49ee,0
46315,Rõõm,19_002,Neutraalne,Ekman,016m49ee,0
46333,Üllatus,19_002,Viha,Under,016m49ee,0
46369,Vastikus,19_002,Üllatus,Under,016m49ee,0
46378,Viha,19_002,Hirm,Under,016m49ee,0
46387,Kurbus,19_002,Viha,Ekman,041m23ee,0
46407,Vastikus,19_002,Vastikus,Ekman,041m23ee,1
46443,Rõõm,19_002,Üllatus,Ekman,041m23ee,0
46452,Kurbus,19_002,Neutraalne,Under,041m23ee,0
46470,Kurbus,19_002,Vastikus,Under,041m23ee,0
46506,Hirm,19_002,Kurbus,Under,041m23ee,0
44592,Rõõm,20_002,Neutraalne,Ekman,062m20ee,0
44613,Rõõm,20_002,Üllatus,Ekman,062m20ee,0
44998,Kurbus,20_002,Kurbus,Ekman,062m20ee,1
45007,Üllatus,20_002,Viha,Ekman,062m20ee,0
45016,Rõõm,20_002,Rõõm,Ekman,062m20ee,1
45025,Üllatus,20_002,Hirm,Ekman,062m20ee,0
45034,Vastikus,20_002,Vastikus,Ekman,062m20ee,1
45043,Kurbus,20_002,Kurbus,Under,062m20ee,1
45052,Hirm,20_002,Neutraalne,Under,062m20ee,0
45061,Vastikus,20_002,Rõõm,Under,062m20ee,0
45070,Viha,20_002,Vastikus,Under,062m20ee,0
45079,Vastikus,20_002,Üllatus,Under,062m20ee,0
45088,Vastikus,20_002,Viha,Under,062m20ee,0
45097,Viha,20_002,Hirm,Under,062m20ee,0
45106,Viha,20_002,Viha,Ekman,117f21ee,1
45117,Üllatus,20_002,Hirm,Ekman,117f21ee,0
45126,Üllatus,20_002,Üllatus,Ekman,117f21ee,1
45135,Kurbus,20_002,Neutraalne,Ekman,117f21ee,0
45144,Rõõm,20_002,Rõõm,Ekman,117f21ee,1
45153,Vastikus,20_002,Vastikus,Ekman,117f21ee,1
45162,Kurbus,20_002,Kurbus,Ekman,117f21ee,1
45171,Kurbus,20_002,Viha,Under,117f21ee,0
45180,Viha,20_002,Neutraalne,Under,117f21ee,0
45189,Kurbus,20_002,Hirm,Under,117f21ee,0
45198,Hirm,20_002,Rõõm,Under,117f21ee,0
45207,Kurbus,20_002,Vastikus,Under,117f21ee,0
45216,Üllatus,20_002,Üllatus,Under,117f21ee,1
45225,Kurbus,20_002,Kurbus,Under,117f21ee,1
45875,Viha,20_002,Vastikus,Ekman,010f26ee,0
45886,Üllatus,20_002,Hirm,Ekman,010f26ee,0
45895,Rõõm,20_002,Rõõm,Ekman,010f26ee,1
45904,Rõõm,20_002,Üllatus,Ekman,010f26ee,0
45913,Rõõm,20_002,Kurbus,Ekman,010f26ee,0
45922,Hirm,20_002,Viha,Ekman,010f26ee,0
45931,Üllatus,20_002,Neutraalne,Ekman,010f26ee,0
45940,Viha,20_002,Neutraalne,Under,010f26ee,0
45949,Viha,20_002,Viha,Under,010f26ee,1
45958,Üllatus,20_002,Vastikus,Under,010f26ee,0
45967,Viha,20_002,Rõõm,Under,010f26ee,0
45976,Hirm,20_002,Kurbus,Under,010f26ee,0
45985,Viha,20_002,Üllatus,Under,010f26ee,0
45994,Kurbus,20_002,Hirm,Under,010f26ee,0
46003,Rõõm,20_002,Neutraalne,Ekman,039f20ee,0
46014,Kurbus,20_002,Rõõm,Ekman,039f20ee,0
46023,Hirm,20_002,Hirm,Ekman,039f20ee,1
46032,Kurbus,20_002,Üllatus,Ekman,039f20ee,0
46041,Kurbus,20_002,Kurbus,Ekman,039f20ee,1
46050,Kurbus,20_002,Vastikus,Ekman,039f20ee,0
46059,Üllatus,20_002,Viha,Ekman,039f20ee,0
46068,Kurbus,20_002,Viha,Under,039f20ee,0
46077,Rõõm,20_002,Rõõm,Under,039f20ee,1
46086,Üllatus,20_002,Kurbus,Under,039f20ee,0
46095,Kurbus,20_002,Hirm,Under,039f20ee,0
46104,Kurbus,20_002,Üllatus,Under,039f20ee,0
46113,Kurbus,20_002,Vastikus,Under,039f20ee,0
46122,Kurbus,20_002,Neutraalne,Under,039f20ee,0
46131,Vastikus,20_002,Vastikus,Ekman,017f27ee,1
46142,Üllatus,20_002,Hirm,Ekman,017f27ee,0
46151,Kurbus,20_002,Rõõm,Ekman,017f27ee,0
46160,Rõõm,20_002,Üllatus,Ekman,017f27ee,0
46169,Hirm,20_002,Kurbus,Ekman,017f27ee,0
46178,Hirm,20_002,Viha,Ekman,017f27ee,0
46187,Üllatus,20_002,Neutraalne,Ekman,017f27ee,0
46196,Hirm,20_002,Neutraalne,Under,017f27ee,0
46205,Hirm,20_002,Viha,Under,017f27ee,0
46214,Viha,20_002,Vastikus,Under,017f27ee,0
46223,Kurbus,20_002,Rõõm,Under,017f27ee,0
46232,Viha,20_002,Kurbus,Under,017f27ee,0
46241,Kurbus,20_002,Üllatus,Under,017f27ee,0
46250,Vastikus,20_002,Hirm,Under,017f27ee,0
46259,Vastikus,20_002,Vastikus,Ekman,016m49ee,1
46270,Vastikus,20_002,Hirm,Ekman,016m49ee,0
46279,Viha,20_002,Rõõm,Ekman,016m49ee,0
46288,Rõõm,20_002,Üllatus,Ekman,016m49ee,0
46297,Kurbus,20_002,Kurbus,Ekman,016m49ee,1
46306,Üllatus,20_002,Viha,Ekman,016m49ee,0
46315,Rõõm,20_002,Neutraalne,Ekman,016m49ee,0
46324,Viha,20_002,Neutraalne,Under,016m49ee,0
46333,Üllatus,20_002,Viha,Under,016m49ee,0
46342,Viha,20_002,Vastikus,Under,016m49ee,0
46360,Viha,20_002,Kurbus,Under,016m49ee,0
46369,Viha,20_002,Üllatus,Under,016m49ee,0
46378,Vastikus,20_002,Hirm,Under,016m49ee,0
46387,Kurbus,20_002,Viha,Ekman,041m23ee,0
46398,Viha,20_002,Kurbus,Ekman,041m23ee,0
46407,Vastikus,20_002,Vastikus,Ekman,041m23ee,1
46416,Rõõm,20_002,Neutraalne,Ekman,041m23ee,0
46425,Rõõm,20_002,Hirm,Ekman,041m23ee,0
46434,Rõõm,20_002,Rõõm,Ekman,041m23ee,1
46443,Rõõm,20_002,Üllatus,Ekman,041m23ee,0
46452,Viha,20_002,Neutraalne,Under,041m23ee,0
46461,Viha,20_002,Rõõm,Under,041m23ee,0
46470,Vastikus,20_002,Vastikus,Under,041m23ee,1
46479,Viha,20_002,Üllatus,Under,041m23ee,0
46488,Kurbus,20_002,Viha,Under,041m23ee,0
46497,Viha,20_002,Hirm,Under,041m23ee,0
46506,Viha,20_002,Kurbus,Under,041m23ee,0
44613,Üllatus,21_002,Üllatus,Ekman,062m20ee,1
45052,Üllatus,21_002,Neutraalne,Under,062m20ee,0
45079,Üllatus,21_002,Üllatus,Under,062m20ee,1
45106,Üllatus,21_002,Viha,Ekman,117f21ee,0
45126,Rõõm,21_002,Üllatus,Ekman,117f21ee,0
45144,Üllatus,21_002,Rõõm,Ekman,117f21ee,0
45153,Vastikus,21_002,Vastikus,Ekman,117f21ee,1
45162,Kurbus,21_002,Kurbus,Ekman,117f21ee,1
45189,Vastikus,21_002,Hirm,Under,117f21ee,0
45225,Rõõm,21_002,Kurbus,Under,117f21ee,0
45904,Üllatus,21_002,Üllatus,Ekman,010f26ee,1
45913,Üllatus,21_002,Kurbus,Ekman,010f26ee,0
45985,Viha,21_002,Üllatus,Under,010f26ee,0
46023,Rõõm,21_002,Hirm,Ekman,039f20ee,0
46032,Üllatus,21_002,Üllatus,Ekman,039f20ee,1
46086,Hirm,21_002,Kurbus,Under,039f20ee,0
46122,Üllatus,21_002,Neutraalne,Under,039f20ee,0
46169,Kurbus,21_002,Kurbus,Ekman,017f27ee,1
46178,Vastikus,21_002,Viha,Ekman,017f27ee,0
46187,Kurbus,21_002,Neutraalne,Ekman,017f27ee,0
46196,Kurbus,21_002,Neutraalne,Under,017f27ee,0
46250,Üllatus,21_002,Hirm,Under,017f27ee,0
46306,Üllatus,21_002,Viha,Ekman,016m49ee,0
46342,Üllatus,21_002,Vastikus,Under,016m49ee,0
46360,Kurbus,21_002,Kurbus,Under,016m49ee,1
46434,Rõõm,21_002,Rõõm,Ekman,041m23ee,1
46461,Hirm,21_002,Rõõm,Under,041m23ee,0
46488,Kurbus,21_002,Viha,Under,041m23ee,0
44592,Kurbus,25_002,Neutraalne,Ekman,062m20ee,0
44613,Üllatus,25_002,Üllatus,Ekman,062m20ee,1
44998,Üllatus,25_002,Kurbus,Ekman,062m20ee,0
45007,Üllatus,25_002,Viha,Ekman,062m20ee,0
45016,Rõõm,25_002,Rõõm,Ekman,062m20ee,1
45025,Üllatus,25_002,Hirm,Ekman,062m20ee,0
45034,Üllatus,25_002,Vastikus,Ekman,062m20ee,0
45043,Üllatus,25_002,Kurbus,Under,062m20ee,0
45052,Viha,25_002,Neutraalne,Under,062m20ee,0
45061,Üllatus,25_002,Rõõm,Under,062m20ee,0
45070,Üllatus,25_002,Vastikus,Under,062m20ee,0
45079,Vastikus,25_002,Üllatus,Under,062m20ee,0
45088,Kurbus,25_002,Viha,Under,062m20ee,0
45097,Vastikus,25_002,Hirm,Under,062m20ee,0
45106,Viha,25_002,Viha,Ekman,117f21ee,1
45117,Üllatus,25_002,Hirm,Ekman,117f21ee,0
45126,Kurbus,25_002,Üllatus,Ekman,117f21ee,0
45135,Rõõm,25_002,Neutraalne,Ekman,117f21ee,0
45144,Rõõm,25_002,Rõõm,Ekman,117f21ee,1
45153,Vastikus,25_002,Vastikus,Ekman,117f21ee,1
45162,Viha,25_002,Kurbus,Ekman,117f21ee,0
45171,Kurbus,25_002,Viha,Under,117f21ee,0
45180,Üllatus,25_002,Neutraalne,Under,117f21ee,0
45189,Hirm,25_002,Hirm,Under,117f21ee,1
45198,Üllatus,25_002,Rõõm,Under,117f21ee,0
45207,Üllatus,25_002,Vastikus,Under,117f21ee,0
45216,Üllatus,25_002,Üllatus,Under,117f21ee,1
45225,Hirm,25_002,Kurbus,Under,117f21ee,0
45875,Vastikus,25_002,Vastikus,Ekman,010f26ee,1
45886,Vastikus,25_002,Hirm,Ekman,010f26ee,0
45895,Vastikus,25_002,Rõõm,Ekman,010f26ee,0
45904,Rõõm,25_002,Üllatus,Ekman,010f26ee,0
45913,Hirm,25_002,Kurbus,Ekman,010f26ee,0
45922,Vastikus,25_002,Viha,Ekman,010f26ee,0
45931,Viha,25_002,Neutraalne,Ekman,010f26ee,0
45940,Viha,25_002,Neutraalne,Under,010f26ee,0
45949,Viha,25_002,Viha,Under,010f26ee,1
45958,Viha,25_002,Vastikus,Under,010f26ee,0
45967,Vastikus,25_002,Rõõm,Under,010f26ee,0
45976,Viha,25_002,Kurbus,Under,010f26ee,0
45985,Viha,25_002,Üllatus,Under,010f26ee,0
45994,Vastikus,25_002,Hirm,Under,010f26ee,0
46003,Kurbus,25_002,Neutraalne,Ekman,039f20ee,0
46014,Rõõm,25_002,Rõõm,Ekman,039f20ee,1
46023,Kurbus,25_002,Hirm,Ekman,039f20ee,0
46032,Kurbus,25_002,Üllatus,Ekman,039f20ee,0
46041,Hirm,25_002,Kurbus,Ekman,039f20ee,0
46050,Vastikus,25_002,Vastikus,Ekman,039f20ee,1
46059,Viha,25_002,Viha,Ekman,039f20ee,1
46068,Üllatus,25_002,Viha,Under,039f20ee,0
46077,Hirm,25_002,Rõõm,Under,039f20ee,0
46086,Kurbus,25_002,Kurbus,Under,039f20ee,1
46095,Hirm,25_002,Hirm,Under,039f20ee,1
46104,Hirm,25_002,Üllatus,Under,039f20ee,0
46113,Kurbus,25_002,Vastikus,Under,039f20ee,0
46122,Kurbus,25_002,Neutraalne,Under,039f20ee,0
46131,Vastikus,25_002,Vastikus,Ekman,017f27ee,1
46142,Üllatus,25_002,Hirm,Ekman,017f27ee,0
46151,Kurbus,25_002,Rõõm,Ekman,017f27ee,0
46160,Hirm,25_002,Üllatus,Ekman,017f27ee,0
46169,Kurbus,25_002,Kurbus,Ekman,017f27ee,1
46178,Vastikus,25_002,Viha,Ekman,017f27ee,0
46187,Kurbus,25_002,Neutraalne,Ekman,017f27ee,0
46196,Kurbus,25_002,Neutraalne,Under,017f27ee,0
46205,Hirm,25_002,Viha,Under,017f27ee,0
46214,Üllatus,25_002,Vastikus,Under,017f27ee,0
46223,Üllatus,25_002,Rõõm,Under,017f27ee,0
46232,Kurbus,25_002,Kurbus,Under,017f27ee,1
46241,Üllatus,25_002,Üllatus,Under,017f27ee,1
46250,Üllatus,25_002,Hirm,Under,017f27ee,0
46259,Vastikus,25_002,Vastikus,Ekman,016m49ee,1
46270,Kurbus,25_002,Hirm,Ekman,016m49ee,0
46279,Hirm,25_002,Rõõm,Ekman,016m49ee,0
46288,Kurbus,25_002,Üllatus,Ekman,016m49ee,0
46297,Viha,25_002,Kurbus,Ekman,016m49ee,0
46306,Viha,25_002,Viha,Ekman,016m49ee,1
46315,Üllatus,25_002,Neutraalne,Ekman,016m49ee,0
46324,Kurbus,25_002,Neutraalne,Under,016m49ee,0
46333,Üllatus,25_002,Viha,Under,016m49ee,0
46342,Viha,25_002,Vastikus,Under,016m49ee,0
46360,Kurbus,25_002,Kurbus,Under,016m49ee,1
46369,Kurbus,25_002,Üllatus,Under,016m49ee,0
46378,Kurbus,25_002,Hirm,Under,016m49ee,0
46387,Rõõm,25_002,Viha,Ekman,041m23ee,0
46398,Viha,25_002,Kurbus,Ekman,041m23ee,0
46407,Kurbus,25_002,Vastikus,Ekman,041m23ee,0
46416,Üllatus,25_002,Neutraalne,Ekman,041m23ee,0
46425,Üllatus,25_002,Hirm,Ekman,041m23ee,0
46434,Rõõm,25_002,Rõõm,Ekman,041m23ee,1
46443,Rõõm,25_002,Üllatus,Ekman,041m23ee,0
46452,Viha,25_002,Neutraalne,Under,041m23ee,0
46461,Kurbus,25_002,Rõõm,Under,041m23ee,0
46470,Kurbus,25_002,Vastikus,Under,041m23ee,0
46479,Kurbus,25_002,Üllatus,Under,041m23ee,0
46488,Kurbus,25_002,Viha,Under,041m23ee,0
46497,Kurbus,25_002,Hirm,Under,041m23ee,0
46506,Kurbus,25_002,Kurbus,Under,041m23ee,1
44592,Üllatus,26_002,Neutraalne,Ekman,062m20ee,0
44613,Üllatus,26_002,Üllatus,Ekman,062m20ee,1
44998,Vastikus,26_002,Kurbus,Ekman,062m20ee,0
45007,Üllatus,26_002,Viha,Ekman,062m20ee,0
45016,Rõõm,26_002,Rõõm,Ekman,062m20ee,1
45025,Üllatus,26_002,Hirm,Ekman,062m20ee,0
45034,Vastikus,26_002,Vastikus,Ekman,062m20ee,1
45043,Kurbus,26_002,Kurbus,Under,062m20ee,1
45052,Kurbus,26_002,Neutraalne,Under,062m20ee,0
45061,Kurbus,26_002,Rõõm,Under,062m20ee,0
45070,Vastikus,26_002,Vastikus,Under,062m20ee,1
45079,Kurbus,26_002,Üllatus,Under,062m20ee,0
45088,Vastikus,26_002,Viha,Under,062m20ee,0
45097,Vastikus,26_002,Hirm,Under,062m20ee,0
45106,Vastikus,26_002,Viha,Ekman,117f21ee,0
45117,Üllatus,26_002,Hirm,Ekman,117f21ee,0
45126,Rõõm,26_002,Üllatus,Ekman,117f21ee,0
45135,Kurbus,26_002,Neutraalne,Ekman,117f21ee,0
45144,Rõõm,26_002,Rõõm,Ekman,117f21ee,1
45153,Vastikus,26_002,Vastikus,Ekman,117f21ee,1
45162,Kurbus,26_002,Kurbus,Ekman,117f21ee,1
45171,Kurbus,26_002,Viha,Under,117f21ee,0
45180,Kurbus,26_002,Neutraalne,Under,117f21ee,0
45189,Kurbus,26_002,Hirm,Under,117f21ee,0
45198,Kurbus,26_002,Rõõm,Under,117f21ee,0
45207,Kurbus,26_002,Vastikus,Under,117f21ee,0
45216,Vastikus,26_002,Üllatus,Under,117f21ee,0
45225,Hirm,26_002,Kurbus,Under,117f21ee,0
45875,Üllatus,26_002,Vastikus,Ekman,010f26ee,0
45886,Rõõm,26_002,Hirm,Ekman,010f26ee,0
45895,Rõõm,26_002,Rõõm,Ekman,010f26ee,1
45904,Rõõm,26_002,Üllatus,Ekman,010f26ee,0
45913,Hirm,26_002,Kurbus,Ekman,010f26ee,0
45922,Rõõm,26_002,Viha,Ekman,010f26ee,0
45931,Rõõm,26_002,Neutraalne,Ekman,010f26ee,0
45940,Vastikus,26_002,Neutraalne,Under,010f26ee,0
45949,Kurbus,26_002,Viha,Under,010f26ee,0
45958,Viha,26_002,Vastikus,Under,010f26ee,0
45967,Kurbus,26_002,Rõõm,Under,010f26ee,0
45976,Kurbus,26_002,Kurbus,Under,010f26ee,1
45985,Vastikus,26_002,Üllatus,Under,010f26ee,0
45994,Kurbus,26_002,Hirm,Under,010f26ee,0
46003,Üllatus,26_002,Neutraalne,Ekman,039f20ee,0
46014,Üllatus,26_002,Rõõm,Ekman,039f20ee,0
46023,Rõõm,26_002,Hirm,Ekman,039f20ee,0
46032,Vastikus,26_002,Üllatus,Ekman,039f20ee,0
46041,Hirm,26_002,Kurbus,Ekman,039f20ee,0
46050,Vastikus,26_002,Vastikus,Ekman,039f20ee,1
46059,Vastikus,26_002,Viha,Ekman,039f20ee,0
46068,Kurbus,26_002,Viha,Under,039f20ee,0
46077,Üllatus,26_002,Rõõm,Under,039f20ee,0
46086,Kurbus,26_002,Kurbus,Under,039f20ee,1
46095,Hirm,26_002,Hirm,Under,039f20ee,1
46104,Üllatus,26_002,Üllatus,Under,039f20ee,1
46113,Viha,26_002,Vastikus,Under,039f20ee,0
46122,Üllatus,26_002,Neutraalne,Under,039f20ee,0
46131,Vastikus,26_002,Vastikus,Ekman,017f27ee,1
46142,Üllatus,26_002,Hirm,Ekman,017f27ee,0
46151,Üllatus,26_002,Rõõm,Ekman,017f27ee,0
46160,Hirm,26_002,Üllatus,Ekman,017f27ee,0
46169,Üllatus,26_002,Kurbus,Ekman,017f27ee,0
46178,Kurbus,26_002,Viha,Ekman,017f27ee,0
46187,Rõõm,26_002,Neutraalne,Ekman,017f27ee,0
46196,Kurbus,26_002,Neutraalne,Under,017f27ee,0
46205,Üllatus,26_002,Viha,Under,017f27ee,0
46214,Üllatus,26_002,Vastikus,Under,017f27ee,0
46223,Hirm,26_002,Rõõm,Under,017f27ee,0
46232,Üllatus,26_002,Kurbus,Under,017f27ee,0
46241,Üllatus,26_002,Üllatus,Under,017f27ee,1
46250,Üllatus,26_002,Hirm,Under,017f27ee,0
46259,Üllatus,26_002,Vastikus,Ekman,016m49ee,0
46270,Üllatus,26_002,Hirm,Ekman,016m49ee,0
46279,Üllatus,26_002,Rõõm,Ekman,016m49ee,0
46288,Üllatus,26_002,Üllatus,Ekman,016m49ee,1
46297,Viha,26_002,Kurbus,Ekman,016m49ee,0
46306,Vastikus,26_002,Viha,Ekman,016m49ee,0
46315,Hirm,26_002,Neutraalne,Ekman,016m49ee,0
46324,Vastikus,26_002,Neutraalne,Under,016m49ee,0
46333,Kurbus,26_002,Viha,Under,016m49ee,0
46342,Kurbus,26_002,Vastikus,Under,016m49ee,0
46360,Kurbus,26_002,Kurbus,Under,016m49ee,1
46369,Viha,26_002,Üllatus,Under,016m49ee,0
46378,Viha,26_002,Hirm,Under,016m49ee,0
46387,Kurbus,26_002,Viha,Ekman,041m23ee,0
46398,Vastikus,26_002,Kurbus,Ekman,041m23ee,0
46407,Kurbus,26_002,Vastikus,Ekman,041m23ee,0
46416,Rõõm,26_002,Neutraalne,Ekman,041m23ee,0
46425,Üllatus,26_002,Hirm,Ekman,041m23ee,0
46434,Rõõm,26_002,Rõõm,Ekman,041m23ee,1
46443,Rõõm,26_002,Üllatus,Ekman,041m23ee,0
46452,Hirm,26_002,Neutraalne,Under,041m23ee,0
46461,Kurbus,26_002,Rõõm,Under,041m23ee,0
46470,Kurbus,26_002,Vastikus,Under,041m23ee,0
46479,Hirm,26_002,Üllatus,Under,041m23ee,0
46488,Kurbus,26_002,Viha,Under,041m23ee,0
46497,Kurbus,26_002,Hirm,Under,041m23ee,0
46506,Kurbus,26_002,Kurbus,Under,041m23ee,1
44592,Vastikus,27_002,Neutraalne,Ekman,062m20ee,0
44613,Üllatus,27_002,Üllatus,Ekman,062m20ee,1
44998,Kurbus,27_002,Kurbus,Ekman,062m20ee,1
45007,Vastikus,27_002,Viha,Ekman,062m20ee,0
45016,Rõõm,27_002,Rõõm,Ekman,062m20ee,1
45025,Üllatus,27_002,Hirm,Ekman,062m20ee,0
45034,Viha,27_002,Vastikus,Ekman,062m20ee,0
45043,Hirm,27_002,Kurbus,Under,062m20ee,0
45052,Hirm,27_002,Neutraalne,Under,062m20ee,0
45061,Kurbus,27_002,Rõõm,Under,062m20ee,0
45070,Viha,27_002,Vastikus,Under,062m20ee,0
45079,Vastikus,27_002,Üllatus,Under,062m20ee,0
45088,Vastikus,27_002,Viha,Under,062m20ee,0
45097,Vastikus,27_002,Hirm,Under,062m20ee,0
45106,Kurbus,27_002,Viha,Ekman,117f21ee,0
45117,Üllatus,27_002,Hirm,Ekman,117f21ee,0
45126,Kurbus,27_002,Üllatus,Ekman,117f21ee,0
45135,Kurbus,27_002,Neutraalne,Ekman,117f21ee,0
45144,Rõõm,27_002,Rõõm,Ekman,117f21ee,1
45153,Vastikus,27_002,Vastikus,Ekman,117f21ee,1
45162,Kurbus,27_002,Kurbus,Ekman,117f21ee,1
45171,Vastikus,27_002,Viha,Under,117f21ee,0
45180,Kurbus,27_002,Neutraalne,Under,117f21ee,0
45189,Üllatus,27_002,Hirm,Under,117f21ee,0
45198,Hirm,27_002,Rõõm,Under,117f21ee,0
45207,Kurbus,27_002,Vastikus,Under,117f21ee,0
45216,Kurbus,27_002,Üllatus,Under,117f21ee,0
45225,Kurbus,27_002,Kurbus,Under,117f21ee,1
45875,Üllatus,27_002,Vastikus,Ekman,010f26ee,0
45886,Üllatus,27_002,Hirm,Ekman,010f26ee,0
45895,Hirm,27_002,Rõõm,Ekman,010f26ee,0
45904,Viha,27_002,Üllatus,Ekman,010f26ee,0
45913,Üllatus,27_002,Kurbus,Ekman,010f26ee,0
45922,Kurbus,27_002,Viha,Ekman,010f26ee,0
45931,Viha,27_002,Neutraalne,Ekman,010f26ee,0
45940,Hirm,27_002,Neutraalne,Under,010f26ee,0
45949,Üllatus,27_002,Viha,Under,010f26ee,0
45958,Vastikus,27_002,Vastikus,Under,010f26ee,1
45967,Vastikus,27_002,Rõõm,Under,010f26ee,0
45976,Viha,27_002,Kurbus,Under,010f26ee,0
45985,Viha,27_002,Üllatus,Under,010f26ee,0
45994,Viha,27_002,Hirm,Under,010f26ee,0
46003,Kurbus,27_002,Neutraalne,Ekman,039f20ee,0
46014,Rõõm,27_002,Rõõm,Ekman,039f20ee,1
46023,Hirm,27_002,Hirm,Ekman,039f20ee,1
46032,Üllatus,27_002,Üllatus,Ekman,039f20ee,1
46041,Kurbus,27_002,Kurbus,Ekman,039f20ee,1
46050,Vastikus,27_002,Vastikus,Ekman,039f20ee,1
46059,Vastikus,27_002,Viha,Ekman,039f20ee,0
46068,Hirm,27_002,Viha,Under,039f20ee,0
46077,Üllatus,27_002,Rõõm,Under,039f20ee,0
46086,Viha,27_002,Kurbus,Under,039f20ee,0
46095,Üllatus,27_002,Hirm,Under,039f20ee,0
46104,Rõõm,27_002,Üllatus,Under,039f20ee,0
46113,Kurbus,27_002,Vastikus,Under,039f20ee,0
46122,Üllatus,27_002,Neutraalne,Under,039f20ee,0
46131,Vastikus,27_002,Vastikus,Ekman,017f27ee,1
46142,Üllatus,27_002,Hirm,Ekman,017f27ee,0
46151,Rõõm,27_002,Rõõm,Ekman,017f27ee,1
46160,Üllatus,27_002,Üllatus,Ekman,017f27ee,1
46169,Üllatus,27_002,Kurbus,Ekman,017f27ee,0
46178,Vastikus,27_002,Viha,Ekman,017f27ee,0
46187,Rõõm,27_002,Neutraalne,Ekman,017f27ee,0
46196,Kurbus,27_002,Neutraalne,Under,017f27ee,0
46205,Üllatus,27_002,Viha,Under,017f27ee,0
46214,Kurbus,27_002,Vastikus,Under,017f27ee,0
46223,Viha,27_002,Rõõm,Under,017f27ee,0
46232,Kurbus,27_002,Kurbus,Under,017f27ee,1
46241,Üllatus,27_002,Üllatus,Under,017f27ee,1
46250,Hirm,27_002,Hirm,Under,017f27ee,1
46259,Vastikus,27_002,Vastikus,Ekman,016m49ee,1
46270,Viha,27_002,Hirm,Ekman,016m49ee,0
46279,Rõõm,27_002,Rõõm,Ekman,016m49ee,1
46288,Hirm,27_002,Üllatus,Ekman,016m49ee,0
46297,Vastikus,27_002,Kurbus,Ekman,016m49ee,0
46306,Vastikus,27_002,Viha,Ekman,016m49ee,0
46315,Rõõm,27_002,Neutraalne,Ekman,016m49ee,0
46324,Hirm,27_002,Neutraalne,Under,016m49ee,0
46333,Üllatus,27_002,Viha,Under,016m49ee,0
46342,Vastikus,27_002,Vastikus,Under,016m49ee,1
46360,Vastikus,27_002,Kurbus,Under,016m49ee,0
46369,Kurbus,27_002,Üllatus,Under,016m49ee,0
46378,Üllatus,27_002,Hirm,Under,016m49ee,0
46387,Üllatus,27_002,Viha,Ekman,041m23ee,0
46398,Viha,27_002,Kurbus,Ekman,041m23ee,0
46407,Rõõm,27_002,Vastikus,Ekman,041m23ee,0
46416,Rõõm,27_002,Neutraalne,Ekman,041m23ee,0
46425,Üllatus,27_002,Hirm,Ekman,041m23ee,0
46434,Rõõm,27_002,Rõõm,Ekman,041m23ee,1
46443,Üllatus,27_002,Üllatus,Ekman,041m23ee,1
46452,Kurbus,27_002,Neutraalne,Under,041m23ee,0
46461,Kurbus,27_002,Rõõm,Under,041m23ee,0
46470,Rõõm,27_002,Vastikus,Under,041m23ee,0
46479,Hirm,27_002,Üllatus,Under,041m23ee,0
46488,Hirm,27_002,Viha,Under,041m23ee,0
46497,Viha,27_002,Hirm,Under,041m23ee,0
46506,Viha,27_002,Kurbus,Under,041m23ee,0
45198,Kurbus,28_002,Rõõm,Under,117f21ee,0
45225,Kurbus,28_002,Kurbus,Under,117f21ee,1
45875,Kurbus,28_002,Vastikus,Ekman,010f26ee,0
45895,Vastikus,28_002,Rõõm,Ekman,010f26ee,0
45913,Viha,28_002,Kurbus,Ekman,010f26ee,0
45922,Vastikus,28_002,Viha,Ekman,010f26ee,0
45994,Vastikus,28_002,Hirm,Under,010f26ee,0
46003,Kurbus,28_002,Neutraalne,Ekman,039f20ee,0
46104,Vastikus,28_002,Üllatus,Under,039f20ee,0
46113,Vastikus,28_002,Vastikus,Under,039f20ee,1
46187,Üllatus,28_002,Neutraalne,Ekman,017f27ee,0
46223,Hirm,28_002,Rõõm,Under,017f27ee,0
46297,Kurbus,28_002,Kurbus,Ekman,016m49ee,1
46369,Vastikus,28_002,Üllatus,Under,016m49ee,0
44592,Üllatus,29_002,Neutraalne,Ekman,062m20ee,0
44613,Rõõm,29_002,Üllatus,Ekman,062m20ee,0
44998,Kurbus,29_002,Kurbus,Ekman,062m20ee,1
45007,Rõõm,29_002,Viha,Ekman,062m20ee,0
45016,Rõõm,29_002,Rõõm,Ekman,062m20ee,1
45025,Üllatus,29_002,Hirm,Ekman,062m20ee,0
45034,Kurbus,29_002,Vastikus,Ekman,062m20ee,0
45043,Kurbus,29_002,Kurbus,Under,062m20ee,1
45052,Vastikus,29_002,Neutraalne,Under,062m20ee,0
45061,Rõõm,29_002,Rõõm,Under,062m20ee,1
45070,Vastikus,29_002,Vastikus,Under,062m20ee,1
45079,Kurbus,29_002,Üllatus,Under,062m20ee,0
45088,Üllatus,29_002,Viha,Under,062m20ee,0
45097,Vastikus,29_002,Hirm,Under,062m20ee,0
45106,Kurbus,29_002,Viha,Ekman,117f21ee,0
45117,Üllatus,29_002,Hirm,Ekman,117f21ee,0
45126,Kurbus,29_002,Üllatus,Ekman,117f21ee,0
45135,Rõõm,29_002,Neutraalne,Ekman,117f21ee,0
45144,Rõõm,29_002,Rõõm,Ekman,117f21ee,1
45153,Vastikus,29_002,Vastikus,Ekman,117f21ee,1
45162,Kurbus,29_002,Kurbus,Ekman,117f21ee,1
45171,Viha,29_002,Viha,Under,117f21ee,1
45180,Kurbus,29_002,Neutraalne,Under,117f21ee,0
45189,Kurbus,29_002,Hirm,Under,117f21ee,0
45198,Rõõm,29_002,Rõõm,Under,117f21ee,1
45207,Üllatus,29_002,Vastikus,Under,117f21ee,0
45216,Rõõm,29_002,Üllatus,Under,117f21ee,0
45225,Kurbus,29_002,Kurbus,Under,117f21ee,1
45875,Vastikus,29_002,Vastikus,Ekman,010f26ee,1
45886,Rõõm,29_002,Hirm,Ekman,010f26ee,0
45895,Rõõm,29_002,Rõõm,Ekman,010f26ee,1
45904,Rõõm,29_002,Üllatus,Ekman,010f26ee,0
45913,Vastikus,29_002,Kurbus,Ekman,010f26ee,0
45922,Vastikus,29_002,Viha,Ekman,010f26ee,0
45931,Kurbus,29_002,Neutraalne,Ekman,010f26ee,0
45940,Kurbus,29_002,Neutraalne,Under,010f26ee,0
45949,Kurbus,29_002,Viha,Under,010f26ee,0
45958,Kurbus,29_002,Vastikus,Under,010f26ee,0
45967,Hirm,29_002,Rõõm,Under,010f26ee,0
45976,Üllatus,29_002,Kurbus,Under,010f26ee,0
45985,Üllatus,29_002,Üllatus,Under,010f26ee,1
45994,Kurbus,29_002,Hirm,Under,010f26ee,0
46003,Rõõm,29_002,Neutraalne,Ekman,039f20ee,0
46014,Rõõm,29_002,Rõõm,Ekman,039f20ee,1
46023,Rõõm,29_002,Hirm,Ekman,039f20ee,0
46032,Vastikus,29_002,Üllatus,Ekman,039f20ee,0
46041,Rõõm,29_002,Kurbus,Ekman,039f20ee,0
46050,Vastikus,29_002,Vastikus,Ekman,039f20ee,1
46059,Viha,29_002,Viha,Ekman,039f20ee,1
46068,Üllatus,29_002,Viha,Under,039f20ee,0
46077,Rõõm,29_002,Rõõm,Under,039f20ee,1
46086,Kurbus,29_002,Kurbus,Under,039f20ee,1
46095,Üllatus,29_002,Hirm,Under,039f20ee,0
46104,Hirm,29_002,Üllatus,Under,039f20ee,0
46113,Kurbus,29_002,Vastikus,Under,039f20ee,0
46122,Rõõm,29_002,Neutraalne,Under,039f20ee,0
46131,Vastikus,29_002,Vastikus,Ekman,017f27ee,1
46142,Üllatus,29_002,Hirm,Ekman,017f27ee,0
46151,Kurbus,29_002,Rõõm,Ekman,017f27ee,0
46160,Hirm,29_002,Üllatus,Ekman,017f27ee,0
46169,Kurbus,29_002,Kurbus,Ekman,017f27ee,1
46178,Vastikus,29_002,Viha,Ekman,017f27ee,0
46187,Hirm,29_002,Neutraalne,Ekman,017f27ee,0
46196,Kurbus,29_002,Neutraalne,Under,017f27ee,0
46205,Üllatus,29_002,Viha,Under,017f27ee,0
46214,Kurbus,29_002,Vastikus,Under,017f27ee,0
46223,Kurbus,29_002,Rõõm,Under,017f27ee,0
46232,Kurbus,29_002,Kurbus,Under,017f27ee,1
46241,Vastikus,29_002,Üllatus,Under,017f27ee,0
46250,Kurbus,29_002,Hirm,Under,017f27ee,0
46259,Vastikus,29_002,Vastikus,Ekman,016m49ee,1
46270,Viha,29_002,Hirm,Ekman,016m49ee,0
46279,Üllatus,29_002,Rõõm,Ekman,016m49ee,0
46288,Üllatus,29_002,Üllatus,Ekman,016m49ee,1
46297,Vastikus,29_002,Kurbus,Ekman,016m49ee,0
46306,Vastikus,29_002,Viha,Ekman,016m49ee,0
46315,Rõõm,29_002,Neutraalne,Ekman,016m49ee,0
46324,Kurbus,29_002,Neutraalne,Under,016m49ee,0
46333,Vastikus,29_002,Viha,Under,016m49ee,0
46342,Kurbus,29_002,Vastikus,Under,016m49ee,0
46360,Viha,29_002,Kurbus,Under,016m49ee,0
46369,Vastikus,29_002,Üllatus,Under,016m49ee,0
46378,Vastikus,29_002,Hirm,Under,016m49ee,0
46387,Vastikus,29_002,Viha,Ekman,041m23ee,0
46398,Viha,29_002,Kurbus,Ekman,041m23ee,0
46407,Kurbus,29_002,Vastikus,Ekman,041m23ee,0
46416,Rõõm,29_002,Neutraalne,Ekman,041m23ee,0
46425,Vastikus,29_002,Hirm,Ekman,041m23ee,0
46434,Rõõm,29_002,Rõõm,Ekman,041m23ee,1
46443,Rõõm,29_002,Üllatus,Ekman,041m23ee,0
46452,Rõõm,29_002,Neutraalne,Under,041m23ee,0
46461,Kurbus,29_002,Rõõm,Under,041m23ee,0
46470,Üllatus,29_002,Vastikus,Under,041m23ee,0
46479,Üllatus,29_002,Üllatus,Under,041m23ee,1
46488,Rõõm,29_002,Viha,Under,041m23ee,0
46497,Rõõm,29_002,Hirm,Under,041m23ee,0
46506,Vastikus,29_002,Kurbus,Under,041m23ee,0
44592,Hirm,33_002,Neutraalne,Ekman,062m20ee,0
44613,Üllatus,33_002,Üllatus,Ekman,062m20ee,1
44998,Üllatus,33_002,Kurbus,Ekman,062m20ee,0
45007,Üllatus,33_002,Viha,Ekman,062m20ee,0
45016,Rõõm,33_002,Rõõm,Ekman,062m20ee,1
45025,Üllatus,33_002,Hirm,Ekman,062m20ee,0
45034,Üllatus,33_002,Vastikus,Ekman,062m20ee,0
45043,Hirm,33_002,Kurbus,Under,062m20ee,0
45052,Kurbus,33_002,Neutraalne,Under,062m20ee,0
45061,Viha,33_002,Rõõm,Under,062m20ee,0
45070,Vastikus,33_002,Vastikus,Under,062m20ee,1
45079,Üllatus,33_002,Üllatus,Under,062m20ee,1
45088,Viha,33_002,Viha,Under,062m20ee,1
45097,Vastikus,33_002,Hirm,Under,062m20ee,0
45106,Kurbus,33_002,Viha,Ekman,117f21ee,0
45117,Üllatus,33_002,Hirm,Ekman,117f21ee,0
45126,Kurbus,33_002,Üllatus,Ekman,117f21ee,0
45135,Kurbus,33_002,Neutraalne,Ekman,117f21ee,0
45144,Rõõm,33_002,Rõõm,Ekman,117f21ee,1
45153,Vastikus,33_002,Vastikus,Ekman,117f21ee,1
45162,Kurbus,33_002,Kurbus,Ekman,117f21ee,1
45171,Kurbus,33_002,Viha,Under,117f21ee,0
45180,Üllatus,33_002,Neutraalne,Under,117f21ee,0
45189,Üllatus,33_002,Hirm,Under,117f21ee,0
45198,Viha,33_002,Rõõm,Under,117f21ee,0
45207,Üllatus,33_002,Vastikus,Under,117f21ee,0
45216,Kurbus,33_002,Üllatus,Under,117f21ee,0
45225,Kurbus,33_002,Kurbus,Under,117f21ee,1
45875,Üllatus,33_002,Vastikus,Ekman,010f26ee,0
45886,Üllatus,33_002,Hirm,Ekman,010f26ee,0
45895,Rõõm,33_002,Rõõm,Ekman,010f26ee,1
45904,Üllatus,33_002,Üllatus,Ekman,010f26ee,1
45913,Üllatus,33_002,Kurbus,Ekman,010f26ee,0
45922,Üllatus,33_002,Viha,Ekman,010f26ee,0
45931,Üllatus,33_002,Neutraalne,Ekman,010f26ee,0
45940,Üllatus,33_002,Neutraalne,Under,010f26ee,0
45949,Viha,33_002,Viha,Under,010f26ee,1
45958,Vastikus,33_002,Vastikus,Under,010f26ee,1
45967,Hirm,33_002,Rõõm,Under,010f26ee,0
45976,Üllatus,33_002,Kurbus,Under,010f26ee,0
45985,Hirm,33_002,Üllatus,Under,010f26ee,0
45994,Viha,33_002,Hirm,Under,010f26ee,0
46003,Kurbus,33_002,Neutraalne,Ekman,039f20ee,0
46014,Rõõm,33_002,Rõõm,Ekman,039f20ee,1
46023,Rõõm,33_002,Hirm,Ekman,039f20ee,0
46032,Üllatus,33_002,Üllatus,Ekman,039f20ee,1
46041,Üllatus,33_002,Kurbus,Ekman,039f20ee,0
46050,Vastikus,33_002,Vastikus,Ekman,039f20ee,1
46059,Rõõm,33_002,Viha,Ekman,039f20ee,0
46068,Hirm,33_002,Viha,Under,039f20ee,0
46077,Üllatus,33_002,Rõõm,Under,039f20ee,0
46086,Kurbus,33_002,Kurbus,Under,039f20ee,1
46095,Hirm,33_002,Hirm,Under,039f20ee,1
46104,Üllatus,33_002,Üllatus,Under,039f20ee,1
46113,Kurbus,33_002,Vastikus,Under,039f20ee,0
46122,Hirm,33_002,Neutraalne,Under,039f20ee,0
46131,Vastikus,33_002,Vastikus,Ekman,017f27ee,1
46142,Üllatus,33_002,Hirm,Ekman,017f27ee,0
46151,Üllatus,33_002,Rõõm,Ekman,017f27ee,0
46160,Üllatus,33_002,Üllatus,Ekman,017f27ee,1
46169,Kurbus,33_002,Kurbus,Ekman,017f27ee,1
46178,Viha,33_002,Viha,Ekman,017f27ee,1
46187,Rõõm,33_002,Neutraalne,Ekman,017f27ee,0
46196,Hirm,33_002,Neutraalne,Under,017f27ee,0
46205,Viha,33_002,Viha,Under,017f27ee,1
46214,Üllatus,33_002,Vastikus,Under,017f27ee,0
46223,Kurbus,33_002,Rõõm,Under,017f27ee,0
46232,Kurbus,33_002,Kurbus,Under,017f27ee,1
46241,Hirm,33_002,Üllatus,Under,017f27ee,0
46250,Kurbus,33_002,Hirm,Under,017f27ee,0
46259,Vastikus,33_002,Vastikus,Ekman,016m49ee,1
46270,Vastikus,33_002,Hirm,Ekman,016m49ee,0
46279,Üllatus,33_002,Rõõm,Ekman,016m49ee,0
46288,Viha,33_002,Üllatus,Ekman,016m49ee,0
46297,Vastikus,33_002,Kurbus,Ekman,016m49ee,0
46306,Vastikus,33_002,Viha,Ekman,016m49ee,0
46315,Hirm,33_002,Neutraalne,Ekman,016m49ee,0
46324,Kurbus,33_002,Neutraalne,Under,016m49ee,0
46333,Üllatus,33_002,Viha,Under,016m49ee,0
46342,Kurbus,33_002,Vastikus,Under,016m49ee,0
46360,Kurbus,33_002,Kurbus,Under,016m49ee,1
46369,Vastikus,33_002,Üllatus,Under,016m49ee,0
46378,Vastikus,33_002,Hirm,Under,016m49ee,0
46387,Kurbus,33_002,Viha,Ekman,041m23ee,0
46398,Üllatus,33_002,Kurbus,Ekman,041m23ee,0
46407,Rõõm,33_002,Vastikus,Ekman,041m23ee,0
46416,Kurbus,33_002,Neutraalne,Ekman,041m23ee,0
46425,Hirm,33_002,Hirm,Ekman,041m23ee,1
46434,Üllatus,33_002,Rõõm,Ekman,041m23ee,0
46443,Rõõm,33_002,Üllatus,Ekman,041m23ee,0
46452,Kurbus,33_002,Neutraalne,Under,041m23ee,0
46461,Viha,33_002,Rõõm,Under,041m23ee,0
46470,Vastikus,33_002,Vastikus,Under,041m23ee,1
46479,Hirm,33_002,Üllatus,Under,041m23ee,0
46488,Hirm,33_002,Viha,Under,041m23ee,0
46497,Viha,33_002,Hirm,Under,041m23ee,0
46506,Kurbus,33_002,Kurbus,Under,041m23ee,1
44592,Hirm,36_002,Neutraalne,Ekman,062m20ee,0
44613,Üllatus,36_002,Üllatus,Ekman,062m20ee,1
44998,Kurbus,36_002,Kurbus,Ekman,062m20ee,1
45007,Rõõm,36_002,Viha,Ekman,062m20ee,0
45016,Rõõm,36_002,Rõõm,Ekman,062m20ee,1
45025,Üllatus,36_002,Hirm,Ekman,062m20ee,0
45034,Kurbus,36_002,Vastikus,Ekman,062m20ee,0
45043,Kurbus,36_002,Kurbus,Under,062m20ee,1
45052,Kurbus,36_002,Neutraalne,Under,062m20ee,0
45061,Kurbus,36_002,Rõõm,Under,062m20ee,0
45070,Vastikus,36_002,Vastikus,Under,062m20ee,1
45079,Kurbus,36_002,Üllatus,Under,062m20ee,0
45088,Kurbus,36_002,Viha,Under,062m20ee,0
45097,Viha,36_002,Hirm,Under,062m20ee,0
45106,Kurbus,36_002,Viha,Ekman,117f21ee,0
45117,Üllatus,36_002,Hirm,Ekman,117f21ee,0
45126,Kurbus,36_002,Üllatus,Ekman,117f21ee,0
45135,Kurbus,36_002,Neutraalne,Ekman,117f21ee,0
45144,Rõõm,36_002,Rõõm,Ekman,117f21ee,1
45153,Vastikus,36_002,Vastikus,Ekman,117f21ee,1
45162,Vastikus,36_002,Kurbus,Ekman,117f21ee,0
45171,Kurbus,36_002,Viha,Under,117f21ee,0
45180,Kurbus,36_002,Neutraalne,Under,117f21ee,0
45189,Kurbus,36_002,Hirm,Under,117f21ee,0
45198,Viha,36_002,Rõõm,Under,117f21ee,0
45207,Kurbus,36_002,Vastikus,Under,117f21ee,0
45216,Kurbus,36_002,Üllatus,Under,117f21ee,0
45225,Kurbus,36_002,Kurbus,Under,117f21ee,1
45875,Viha,36_002,Vastikus,Ekman,010f26ee,0
45886,Üllatus,36_002,Hirm,Ekman,010f26ee,0
45895,Rõõm,36_002,Rõõm,Ekman,010f26ee,1
45904,Rõõm,36_002,Üllatus,Ekman,010f26ee,0
45913,Vastikus,36_002,Kurbus,Ekman,010f26ee,0
45922,Rõõm,36_002,Viha,Ekman,010f26ee,0
45931,Rõõm,36_002,Neutraalne,Ekman,010f26ee,0
45940,Kurbus,36_002,Neutraalne,Under,010f26ee,0
45949,Kurbus,36_002,Viha,Under,010f26ee,0
45958,Kurbus,36_002,Vastikus,Under,010f26ee,0
45967,Vastikus,36_002,Rõõm,Under,010f26ee,0
45976,Kurbus,36_002,Kurbus,Under,010f26ee,1
45985,Viha,36_002,Üllatus,Under,010f26ee,0
45994,Vastikus,36_002,Hirm,Under,010f26ee,0
46003,Kurbus,36_002,Neutraalne,Ekman,039f20ee,0
46014,Rõõm,36_002,Rõõm,Ekman,039f20ee,1
46023,Kurbus,36_002,Hirm,Ekman,039f20ee,0
46032,Kurbus,36_002,Üllatus,Ekman,039f20ee,0
46041,Kurbus,36_002,Kurbus,Ekman,039f20ee,1
46050,Vastikus,36_002,Vastikus,Ekman,039f20ee,1
46059,Üllatus,36_002,Viha,Ekman,039f20ee,0
46068,Kurbus,36_002,Viha,Under,039f20ee,0
46077,Kurbus,36_002,Rõõm,Under,039f20ee,0
46086,Kurbus,36_002,Kurbus,Under,039f20ee,1
46095,Kurbus,36_002,Hirm,Under,039f20ee,0
46104,Kurbus,36_002,Üllatus,Under,039f20ee,0
46113,Kurbus,36_002,Vastikus,Under,039f20ee,0
46122,Hirm,36_002,Neutraalne,Under,039f20ee,0
46131,Vastikus,36_002,Vastikus,Ekman,017f27ee,1
46142,Hirm,36_002,Hirm,Ekman,017f27ee,1
46151,Rõõm,36_002,Rõõm,Ekman,017f27ee,1
46160,Üllatus,36_002,Üllatus,Ekman,017f27ee,1
46169,Kurbus,36_002,Kurbus,Ekman,017f27ee,1
46178,Vastikus,36_002,Viha,Ekman,017f27ee,0
46187,Kurbus,36_002,Neutraalne,Ekman,017f27ee,0
46196,Kurbus,36_002,Neutraalne,Under,017f27ee,0
46205,Kurbus,36_002,Viha,Under,017f27ee,0
46214,Kurbus,36_002,Vastikus,Under,017f27ee,0
46223,Kurbus,36_002,Rõõm,Under,017f27ee,0
46232,Kurbus,36_002,Kurbus,Under,017f27ee,1
46241,Viha,36_002,Üllatus,Under,017f27ee,0
46250,Kurbus,36_002,Hirm,Under,017f27ee,0
46259,Vastikus,36_002,Vastikus,Ekman,016m49ee,1
46270,Üllatus,36_002,Hirm,Ekman,016m49ee,0
46279,Rõõm,36_002,Rõõm,Ekman,016m49ee,1
46288,Üllatus,36_002,Üllatus,Ekman,016m49ee,1
46297,Kurbus,36_002,Kurbus,Ekman,016m49ee,1
46306,Vastikus,36_002,Viha,Ekman,016m49ee,0
46315,Rõõm,36_002,Neutraalne,Ekman,016m49ee,0
46324,Kurbus,36_002,Neutraalne,Under,016m49ee,0
46333,Kurbus,36_002,Viha,Under,016m49ee,0
46342,Kurbus,36_002,Vastikus,Under,016m49ee,0
46360,Kurbus,36_002,Kurbus,Under,016m49ee,1
46369,Kurbus,36_002,Üllatus,Under,016m49ee,0
46378,Kurbus,36_002,Hirm,Under,016m49ee,0
46387,Hirm,36_002,Viha,Ekman,041m23ee,0
46398,Viha,36_002,Kurbus,Ekman,041m23ee,0
46407,Üllatus,36_002,Vastikus,Ekman,041m23ee,0
46416,Rõõm,36_002,Neutraalne,Ekman,041m23ee,0
46425,Rõõm,36_002,Hirm,Ekman,041m23ee,0
46434,Rõõm,36_002,Rõõm,Ekman,041m23ee,1
46443,Rõõm,36_002,Üllatus,Ekman,041m23ee,0
46452,Hirm,36_002,Neutraalne,Under,041m23ee,0
46461,Kurbus,36_002,Rõõm,Under,041m23ee,0
46470,Kurbus,36_002,Vastikus,Under,041m23ee,0
46479,Kurbus,36_002,Üllatus,Under,041m23ee,0
46488,Kurbus,36_002,Viha,Under,041m23ee,0
46497,Kurbus,36_002,Hirm,Under,041m23ee,0
46506,Vastikus,36_002,Kurbus,Under,041m23ee,0
44592,Kurbus,6_002,Neutraalne,Ekman,062m20ee,0
44613,Üllatus,6_002,Üllatus,Ekman,062m20ee,1
44998,Kurbus,6_002,Kurbus,Ekman,062m20ee,1
45007,Hirm,6_002,Viha,Ekman,062m20ee,0
45016,Rõõm,6_002,Rõõm,Ekman,062m20ee,1
45025,Kurbus,6_002,Hirm,Ekman,062m20ee,0
45034,Vastikus,6_002,Vastikus,Ekman,062m20ee,1
45043,Kurbus,6_002,Kurbus,Under,062m20ee,1
45052,Kurbus,6_002,Neutraalne,Under,062m20ee,0
45061,Kurbus,6_002,Rõõm,Under,062m20ee,0
45070,Viha,6_002,Vastikus,Under,062m20ee,0
45079,Kurbus,6_002,Üllatus,Under,062m20ee,0
45088,Hirm,6_002,Viha,Under,062m20ee,0
45097,Kurbus,6_002,Hirm,Under,062m20ee,0
45106,Kurbus,6_002,Viha,Ekman,117f21ee,0
45117,Üllatus,6_002,Hirm,Ekman,117f21ee,0
45126,Hirm,6_002,Üllatus,Ekman,117f21ee,0
45135,Rõõm,6_002,Neutraalne,Ekman,117f21ee,0
45144,Rõõm,6_002,Rõõm,Ekman,117f21ee,1
45153,Vastikus,6_002,Vastikus,Ekman,117f21ee,1
45162,Kurbus,6_002,Kurbus,Ekman,117f21ee,1
45171,Kurbus,6_002,Viha,Under,117f21ee,0
45180,Kurbus,6_002,Neutraalne,Under,117f21ee,0
45189,Kurbus,6_002,Hirm,Under,117f21ee,0
45198,Hirm,6_002,Rõõm,Under,117f21ee,0
45207,Üllatus,6_002,Vastikus,Under,117f21ee,0
45216,Üllatus,6_002,Üllatus,Under,117f21ee,1
45225,Kurbus,6_002,Kurbus,Under,117f21ee,1
45875,Üllatus,6_002,Vastikus,Ekman,010f26ee,0
45886,Vastikus,6_002,Hirm,Ekman,010f26ee,0
45895,Rõõm,6_002,Rõõm,Ekman,010f26ee,1
45904,Rõõm,6_002,Üllatus,Ekman,010f26ee,0
45913,Üllatus,6_002,Kurbus,Ekman,010f26ee,0
45922,Üllatus,6_002,Viha,Ekman,010f26ee,0
45931,Kurbus,6_002,Neutraalne,Ekman,010f26ee,0
45940,Vastikus,6_002,Neutraalne,Under,010f26ee,0
45949,Kurbus,6_002,Viha,Under,010f26ee,0
45958,Vastikus,6_002,Vastikus,Under,010f26ee,1
45967,Vastikus,6_002,Rõõm,Under,010f26ee,0
45976,Üllatus,6_002,Kurbus,Under,010f26ee,0
45985,Vastikus,6_002,Üllatus,Under,010f26ee,0
45994,Vastikus,6_002,Hirm,Under,010f26ee,0
46003,Kurbus,6_002,Neutraalne,Ekman,039f20ee,0
46014,Rõõm,6_002,Rõõm,Ekman,039f20ee,1
46023,Rõõm,6_002,Hirm,Ekman,039f20ee,0
46032,Üllatus,6_002,Üllatus,Ekman,039f20ee,1
46041,Üllatus,6_002,Kurbus,Ekman,039f20ee,0
46050,Vastikus,6_002,Vastikus,Ekman,039f20ee,1
46059,Rõõm,6_002,Viha,Ekman,039f20ee,0
46068,Hirm,6_002,Viha,Under,039f20ee,0
46077,Hirm,6_002,Rõõm,Under,039f20ee,0
46086,Vastikus,6_002,Kurbus,Under,039f20ee,0
46095,Hirm,6_002,Hirm,Under,039f20ee,1
46104,Üllatus,6_002,Üllatus,Under,039f20ee,1
46113,Hirm,6_002,Vastikus,Under,039f20ee,0
46122,Hirm,6_002,Neutraalne,Under,039f20ee,0
46131,Vastikus,6_002,Vastikus,Ekman,017f27ee,1
46142,Üllatus,6_002,Hirm,Ekman,017f27ee,0
46151,Rõõm,6_002,Rõõm,Ekman,017f27ee,1
46160,Üllatus,6_002,Üllatus,Ekman,017f27ee,1
46169,Kurbus,6_002,Kurbus,Ekman,017f27ee,1
46178,Vastikus,6_002,Viha,Ekman,017f27ee,0
46187,Rõõm,6_002,Neutraalne,Ekman,017f27ee,0
46196,Kurbus,6_002,Neutraalne,Under,017f27ee,0
46205,Hirm,6_002,Viha,Under,017f27ee,0
46214,Vastikus,6_002,Vastikus,Under,017f27ee,1
46223,Hirm,6_002,Rõõm,Under,017f27ee,0
46232,Kurbus,6_002,Kurbus,Under,017f27ee,1
46241,Üllatus,6_002,Üllatus,Under,017f27ee,1
46250,Üllatus,6_002,Hirm,Under,017f27ee,0
46259,Viha,6_002,Vastikus,Ekman,016m49ee,0
46270,Viha,6_002,Hirm,Ekman,016m49ee,0
46279,Rõõm,6_002,Rõõm,Ekman,016m49ee,1
46288,Üllatus,6_002,Üllatus,Ekman,016m49ee,1
46297,Viha,6_002,Kurbus,Ekman,016m49ee,0
46306,Vastikus,6_002,Viha,Ekman,016m49ee,0
46315,Rõõm,6_002,Neutraalne,Ekman,016m49ee,0
46324,Kurbus,6_002,Neutraalne,Under,016m49ee,0
46333,Kurbus,6_002,Viha,Under,016m49ee,0
46342,Kurbus,6_002,Vastikus,Under,016m49ee,0
46360,Kurbus,6_002,Kurbus,Under,016m49ee,1
46369,Kurbus,6_002,Üllatus,Under,016m49ee,0
46378,Kurbus,6_002,Hirm,Under,016m49ee,0
46387,Vastikus,6_002,Viha,Ekman,041m23ee,0
46398,Vastikus,6_002,Kurbus,Ekman,041m23ee,0
46407,Kurbus,6_002,Vastikus,Ekman,041m23ee,0
46416,Üllatus,6_002,Neutraalne,Ekman,041m23ee,0
46425,Rõõm,6_002,Hirm,Ekman,041m23ee,0
46434,Rõõm,6_002,Rõõm,Ekman,041m23ee,1
46443,Rõõm,6_002,Üllatus,Ekman,041m23ee,0
46452,Üllatus,6_002,Neutraalne,Under,041m23ee,0
46461,Kurbus,6_002,Rõõm,Under,041m23ee,0
46470,Kurbus,6_002,Vastikus,Under,041m23ee,0
46479,Üllatus,6_002,Üllatus,Under,041m23ee,1
46488,Kurbus,6_002,Viha,Under,041m23ee,0
46497,Üllatus,6_002,Hirm,Under,041m23ee,0
46506,Vastikus,6_002,Kurbus,Under,041m23ee,0
44592,Rõõm,7_002,Neutraalne,Ekman,062m20ee,0
45052,Vastikus,7_002,Neutraalne,Under,062m20ee,0
45106,Kurbus,7_002,Viha,Ekman,117f21ee,0
45126,Üllatus,7_002,Üllatus,Ekman,117f21ee,1
45162,Hirm,7_002,Kurbus,Ekman,117f21ee,0
45967,Kurbus,7_002,Rõõm,Under,010f26ee,0
46122,Kurbus,7_002,Neutraalne,Under,039f20ee,0
46196,Vastikus,7_002,Neutraalne,Under,017f27ee,0
46205,Kurbus,7_002,Viha,Under,017f27ee,0
46223,Vastikus,7_002,Rõõm,Under,017f27ee,0
46297,Hirm,7_002,Kurbus,Ekman,016m49ee,0
46306,Hirm,7_002,Viha,Ekman,016m49ee,0
46315,Hirm,7_002,Neutraalne,Ekman,016m49ee,0
46425,Rõõm,7_002,Hirm,Ekman,041m23ee,0
44613,Üllatus,8_002,Üllatus,Ekman,062m20ee,1
45007,Hirm,8_002,Viha,Ekman,062m20ee,0
45016,Üllatus,8_002,Rõõm,Ekman,062m20ee,0
45034,Üllatus,8_002,Vastikus,Ekman,062m20ee,0
45079,Kurbus,8_002,Üllatus,Under,062m20ee,0
45088,Hirm,8_002,Viha,Under,062m20ee,0
45097,Viha,8_002,Hirm,Under,062m20ee,0
45117,Vastikus,8_002,Hirm,Ekman,117f21ee,0
45135,Vastikus,8_002,Neutraalne,Ekman,117f21ee,0
45875,Üllatus,8_002,Vastikus,Ekman,010f26ee,0
45922,Üllatus,8_002,Viha,Ekman,010f26ee,0
45949,Viha,8_002,Viha,Under,010f26ee,1
45958,Viha,8_002,Vastikus,Under,010f26ee,0
45976,Kurbus,8_002,Kurbus,Under,010f26ee,1
46003,Rõõm,8_002,Neutraalne,Ekman,039f20ee,0
46023,Rõõm,8_002,Hirm,Ekman,039f20ee,0
46095,Kurbus,8_002,Hirm,Under,039f20ee,0
46113,Hirm,8_002,Vastikus,Under,039f20ee,0
46142,Hirm,8_002,Hirm,Ekman,017f27ee,1
46151,Kurbus,8_002,Rõõm,Ekman,017f27ee,0
46169,Viha,8_002,Kurbus,Ekman,017f27ee,0
46297,Üllatus,8_002,Kurbus,Ekman,016m49ee,0
46306,Hirm,8_002,Viha,Ekman,016m49ee,0
46342,Hirm,8_002,Vastikus,Under,016m49ee,0
46369,Kurbus,8_002,Üllatus,Under,016m49ee,0
46461,Vastikus,8_002,Rõõm,Under,041m23ee,0
46479,Viha,8_002,Üllatus,Under,041m23ee,0
46497,Üllatus,8_002,Hirm,Under,041m23ee,0
44592,Kurbus,9_002,Neutraalne,Ekman,062m20ee,0
44613,Üllatus,9_002,Üllatus,Ekman,062m20ee,1
44998,Kurbus,9_002,Kurbus,Ekman,062m20ee,1
45007,Kurbus,9_002,Viha,Ekman,062m20ee,0
45016,Rõõm,9_002,Rõõm,Ekman,062m20ee,1
45025,Üllatus,9_002,Hirm,Ekman,062m20ee,0
45034,Kurbus,9_002,Vastikus,Ekman,062m20ee,0
45043,Kurbus,9_002,Kurbus,Under,062m20ee,1
45052,Hirm,9_002,Neutraalne,Under,062m20ee,0
45061,Kurbus,9_002,Rõõm,Under,062m20ee,0
45070,Kurbus,9_002,Vastikus,Under,062m20ee,0
45079,Kurbus,9_002,Üllatus,Under,062m20ee,0
45088,Kurbus,9_002,Viha,Under,062m20ee,0
45097,Kurbus,9_002,Hirm,Under,062m20ee,0
45106,Kurbus,9_002,Viha,Ekman,117f21ee,0
45117,Üllatus,9_002,Hirm,Ekman,117f21ee,0
45126,Kurbus,9_002,Üllatus,Ekman,117f21ee,0
45135,Kurbus,9_002,Neutraalne,Ekman,117f21ee,0
45144,Rõõm,9_002,Rõõm,Ekman,117f21ee,1
45153,Vastikus,9_002,Vastikus,Ekman,117f21ee,1
45162,Kurbus,9_002,Kurbus,Ekman,117f21ee,1
45171,Kurbus,9_002,Viha,Under,117f21ee,0
45180,Kurbus,9_002,Neutraalne,Under,117f21ee,0
45189,Kurbus,9_002,Hirm,Under,117f21ee,0
45198,Kurbus,9_002,Rõõm,Under,117f21ee,0
45207,Üllatus,9_002,Vastikus,Under,117f21ee,0
45216,Üllatus,9_002,Üllatus,Under,117f21ee,1
45225,Kurbus,9_002,Kurbus,Under,117f21ee,1
45875,Rõõm,9_002,Vastikus,Ekman,010f26ee,0
45886,Viha,9_002,Hirm,Ekman,010f26ee,0
45895,Rõõm,9_002,Rõõm,Ekman,010f26ee,1
45904,Rõõm,9_002,Üllatus,Ekman,010f26ee,0
45913,Viha,9_002,Kurbus,Ekman,010f26ee,0
45922,Viha,9_002,Viha,Ekman,010f26ee,1
45931,Rõõm,9_002,Neutraalne,Ekman,010f26ee,0
45940,Kurbus,9_002,Neutraalne,Under,010f26ee,0
45949,Kurbus,9_002,Viha,Under,010f26ee,0
45958,Vastikus,9_002,Vastikus,Under,010f26ee,1
45967,Kurbus,9_002,Rõõm,Under,010f26ee,0
45976,Kurbus,9_002,Kurbus,Under,010f26ee,1
45985,Viha,9_002,Üllatus,Under,010f26ee,0
45994,Viha,9_002,Hirm,Under,010f26ee,0
46003,Vastikus,9_002,Neutraalne,Ekman,039f20ee,0
46014,Rõõm,9_002,Rõõm,Ekman,039f20ee,1
46023,Rõõm,9_002,Hirm,Ekman,039f20ee,0
46032,Kurbus,9_002,Üllatus,Ekman,039f20ee,0
46041,Kurbus,9_002,Kurbus,Ekman,039f20ee,1
46050,Vastikus,9_002,Vastikus,Ekman,039f20ee,1
46059,Vastikus,9_002,Viha,Ekman,039f20ee,0
46068,Hirm,9_002,Viha,Under,039f20ee,0
46077,Viha,9_002,Rõõm,Under,039f20ee,0
46086,Kurbus,9_002,Kurbus,Under,039f20ee,1
46095,Kurbus,9_002,Hirm,Under,039f20ee,0
46104,Rõõm,9_002,Üllatus,Under,039f20ee,0
46113,Kurbus,9_002,Vastikus,Under,039f20ee,0
46122,Kurbus,9_002,Neutraalne,Under,039f20ee,0
46131,Vastikus,9_002,Vastikus,Ekman,017f27ee,1
46142,Hirm,9_002,Hirm,Ekman,017f27ee,1
46151,Rõõm,9_002,Rõõm,Ekman,017f27ee,1
46160,Üllatus,9_002,Üllatus,Ekman,017f27ee,1
46169,Kurbus,9_002,Kurbus,Ekman,017f27ee,1
46178,Viha,9_002,Viha,Ekman,017f27ee,1
46187,Rõõm,9_002,Neutraalne,Ekman,017f27ee,0
46196,Kurbus,9_002,Neutraalne,Under,017f27ee,0
46205,Üllatus,9_002,Viha,Under,017f27ee,0
46214,Kurbus,9_002,Vastikus,Under,017f27ee,0
46223,Hirm,9_002,Rõõm,Under,017f27ee,0
46232,Kurbus,9_002,Kurbus,Under,017f27ee,1
46241,Kurbus,9_002,Üllatus,Under,017f27ee,0
46250,Kurbus,9_002,Hirm,Under,017f27ee,0
46259,Vastikus,9_002,Vastikus,Ekman,016m49ee,1
46270,Vastikus,9_002,Hirm,Ekman,016m49ee,0
46279,Rõõm,9_002,Rõõm,Ekman,016m49ee,1
46288,Üllatus,9_002,Üllatus,Ekman,016m49ee,1
46297,Vastikus,9_002,Kurbus,Ekman,016m49ee,0
46306,Viha,9_002,Viha,Ekman,016m49ee,1
46315,Rõõm,9_002,Neutraalne,Ekman,016m49ee,0
46324,Hirm,9_002,Neutraalne,Under,016m49ee,0
46333,Viha,9_002,Viha,Under,016m49ee,1
46342,Vastikus,9_002,Vastikus,Under,016m49ee,1
46360,Vastikus,9_002,Kurbus,Under,016m49ee,0
46369,Vastikus,9_002,Üllatus,Under,016m49ee,0
46378,Kurbus,9_002,Hirm,Under,016m49ee,0
46387,Rõõm,9_002,Viha,Ekman,041m23ee,0
46398,Viha,9_002,Kurbus,Ekman,041m23ee,0
46407,Rõõm,9_002,Vastikus,Ekman,041m23ee,0
46416,Rõõm,9_002,Neutraalne,Ekman,041m23ee,0
46425,Rõõm,9_002,Hirm,Ekman,041m23ee,0
46434,Rõõm,9_002,Rõõm,Ekman,041m23ee,1
46443,Rõõm,9_002,Üllatus,Ekman,041m23ee,0
46452,Kurbus,9_002,Neutraalne,Under,041m23ee,0
46461,Kurbus,9_002,Rõõm,Under,041m23ee,0
46470,Viha,9_002,Vastikus,Under,041m23ee,0
46479,Kurbus,9_002,Üllatus,Under,041m23ee,0
46488,Kurbus,9_002,Viha,Under,041m23ee,0
46497,Kurbus,9_002,Hirm,Under,041m23ee,0
46506,Hirm,9_002,Kurbus,Under,041m23ee,0
